,frame,k_cluster,outliers,silh_coef,clusters_label,quantidades,small_clst,intermediate_clst,large_clst,small_mic,micelles
0,0,11,25,-0.17190276263254448,[-1  0  1  2  3  4  5  6  7  8  9 10],[25  5  2  2  3  2  2  2  2  3  2  4],10,1,0,0,0
1,1,13,17,0.07086905291234491,[-1  0  1  2  3  4  5  6  7  8  9 10 11 12],[17  3  6  2  3  2  2  4  2  2  2  2  3  4],12,1,0,0,0
2,2,14,10,0.07635828638052508,[-1  0  1  2  3  4  5  6  7  8  9 10 11 12 13],[10  3 11  2  3  4  4  2  2  2  2  2  2  3  2],13,0,1,0,0
3,3,15,11,0.07068291341794297,[-1  0  1  2  3  4  5  6  7  8  9 10 11 12 13 14],[11  2  8  2  2  5  2  2  4  2  2  2  2  3  2  3],13,2,0,0,0
4,4,12,12,0.19452271083854344,[-1  0  1  2  3  4  5  6  7  8  9 10 11],[12  2 12  2  2  5  3  4  2  2  2  3  3],10,1,1,0,0
5,5,13,13,0.20079997437260466,[-1  0  1  2  3  4  5  6  7  8  9 10 11 12],[13  2  8  2  2  5  3  4  2  2  2  2  3  4],11,2,0,0,0
6,6,13,11,0.3328776057098107,[-1  0  1  2  3  4  5  6  7  8  9 10 11 12],[11  2 10  2  6  2  3  4  2  2  2  2  3  3],11,1,1,0,0
7,7,13,11,0.3888452806362955,[-1  0  1  2  3  4  5  6  7  8  9 10 11 12],[11  3 10  2  6  2  3  4  2  2  2  2  2  3],11,1,1,0,0
8,8,12,9,0.23255835316840423,[-1  0  1  2  3  4  5  6  7  8  9 10 11],[9 3 7 5 2 6 4 3 2 4 4 2 3],9,3,0,0,0
9,9,10,12,0.2470431430261081,[-1  0  1  2  3  4  5  6  7  8  9],[12  3 13  2  6  2  2  4  4  3  3],8,1,1,0,0
10,10,12,10,0.3190847139567461,[-1  0  1  2  3  4  5  6  7  8  9 10 11],[10  3 12  2  5  2  2  3  4  2  4  2  3],10,1,1,0,0
11,11,11,11,0.3412790455986564,[-1  0  1  2  3  4  5  6  7  8  9 10],[11  3 12  2  6  2  3  5  2  2  3  3],8,2,1,0,0
12,12,11,12,0.24463652226676183,[-1  0  1  2  3  4  5  6  7  8  9 10],[12  2 12  2  6  3  2  2  5  2  3  3],8,2,1,0,0
13,13,10,9,0.2783824779394554,[-1  0  1  2  3  4  5  6  7  8  9],[ 9  3 12  2  8  3  4  3  5  2  3],7,2,1,0,0
14,14,10,8,0.3641179008600158,[-1  0  1  2  3  4  5  6  7  8  9],[ 8  3 12  2  7  3  4  3  5  4  3],7,2,1,0,0
15,15,10,6,0.343114873640408,[-1  0  1  2  3  4  5  6  7  8  9],[ 6  3 12  2 11  2  3  4  3  5  3],7,1,2,0,0
16,16,9,6,0.44384942007937767,[-1  0  1  2  3  4  5  6  7  8],[ 6  3 12  8  3  6  4  5  4  3],5,3,1,0,0
17,17,10,3,0.3802315185802404,[-1  0  1  2  3  4  5  6  7  8  9],[ 3  3 12  7  3  6  4  6  2  5  3],5,4,1,0,0
18,18,11,4,0.4301556626943446,[-1  0  1  2  3  4  5  6  7  8  9 10],[ 4  3 12  7  3  6  4  6  2  2  2  3],7,3,1,0,0
19,19,9,3,0.36211062650287407,[-1  0  1  2  3  4  5  6  7  8],[ 3  3 12 12  3  6  4  6  2  3],5,2,2,0,0
20,20,9,3,0.3347104191645035,[-1  0  1  2  3  4  5  6  7  8],[ 3  3 12 12  3  6  4  6  2  3],5,2,2,0,0
21,21,9,3,0.27921436442461806,[-1  0  1  2  3  4  5  6  7  8],[ 3  3 12 12  3  6  4  6  2  3],5,2,2,0,0
22,22,10,3,0.3594994591855795,[-1  0  1  2  3  4  5  6  7  8  9],[ 3  3 12  7  3  6  4  6  2  5  3],5,4,1,0,0
23,23,9,3,0.3550870280661885,[-1  0  1  2  3  4  5  6  7  8],[ 3  3 12 12  3  6  4  6  2  3],5,2,2,0,0
24,24,9,3,0.35695800723553517,[-1  0  1  2  3  4  5  6  7  8],[ 3  3 12 12  3  6  4  6  2  3],5,2,2,0,0
25,25,9,2,0.3461938527969535,[-1  0  1  2  3  4  5  6  7  8],[ 2  3 13 12  3  6  4  6  2  3],5,2,2,0,0
26,26,9,2,0.36118766827146165,[-1  0  1  2  3  4  5  6  7  8],[ 2  3 13 12  3  6  4  6  2  3],5,2,2,0,0
27,27,9,4,0.4060549618346081,[-1  0  1  2  3  4  5  6  7  8],[ 4  3 13  7  3  6  4  6  5  3],4,4,1,0,0
28,28,10,2,0.42012003383778834,[-1  0  1  2  3  4  5  6  7  8  9],[ 2  3 13  7  3  6  4  6  2  5  3],5,4,1,0,0
29,29,10,3,0.3520148048959985,[-1  0  1  2  3  4  5  6  7  8  9],[ 3  3 13  7  3  6  4  6  2  5  2],5,4,1,0,0
30,30,10,1,0.24360895744163694,[-1  0  1  2  3  4  5  6  7  8  9],[ 1  3 14  7  3  6  5  6  2  5  2],4,5,1,0,0
31,31,9,1,0.39316204518974296,[-1  0  1  2  3  4  5  6  7  8],[ 1  3 14  7  3  9  4  6  2  5],4,3,2,0,0
32,32,9,3,0.38043470731363777,[-1  0  1  2  3  4  5  6  7  8],[ 3  3 14  8  3  6  4  6  2  5],4,4,1,0,0
33,33,9,5,0.3259526539363394,[-1  0  1  2  3  4  5  6  7  8],[ 5  3 13  7  3  6  4  6  2  5],4,4,1,0,0
34,34,9,4,0.36760000684144706,[-1  0  1  2  3  4  5  6  7  8],[ 4  3 13  8  3  6  4  6  2  5],4,4,1,0,0
35,35,9,4,0.24976600713557032,[-1  0  1  2  3  4  5  6  7  8],[ 4  3 13  7  3  6  5  6  2  5],3,5,1,0,0
36,36,9,4,0.2858149420722938,[-1  0  1  2  3  4  5  6  7  8],[ 4  3 13  7  3  6  5  6  2  5],3,5,1,0,0
37,37,9,5,0.4490914534355983,[-1  0  1  2  3  4  5  6  7  8],[ 5  3 13  7  3  6  5  6  2  4],4,4,1,0,0
38,38,7,5,0.42412827874651204,[-1  0  1  2  3  4  5  6],[ 5  3 13 11  9  5  6  2],2,2,3,0,0
39,39,8,5,0.3552327113064821,[-1  0  1  2  3  4  5  6  7],[ 5  3 13  6  9  6  4  6  2],3,3,2,0,0
40,40,7,5,0.4753020412059025,[-1  0  1  2  3  4  5  6],[ 5  3 13  7  9  4  6  7],2,3,2,0,0
41,41,6,4,0.2564496538718352,[-1  0  1  2  3  4  5],[ 4  3 13 15  9  4  6],2,1,3,0,0
42,42,7,5,0.32752661210002726,[-1  0  1  2  3  4  5  6],[ 5  3 13  7  9  4  6  7],2,3,2,0,0
43,43,7,5,0.3073194154010147,[-1  0  1  2  3  4  5  6],[ 5  3 13  7  9  4  6  7],2,3,2,0,0
44,44,7,4,0.3897297337877634,[-1  0  1  2  3  4  5  6],[ 4  3 13  8  9  4  6  7],2,3,2,0,0
45,45,7,4,0.34956803010626664,[-1  0  1  2  3  4  5  6],[ 4  3 13  8  9  4  6  7],2,3,2,0,0
46,46,7,4,0.445598621584372,[-1  0  1  2  3  4  5  6],[ 4  3 13  8  9  4  6  7],2,3,2,0,0
47,47,7,4,0.4098981796845703,[-1  0  1  2  3  4  5  6],[ 4  3 13  8  9  4  6  7],2,3,2,0,0
48,48,7,4,0.36670884298594286,[-1  0  1  2  3  4  5  6],[ 4  2 14  8  9  4  6  7],2,3,2,0,0
49,49,6,3,0.2633824886742482,[-1  0  1  2  3  4  5],[ 3  3 14 15  9  4  6],2,1,3,0,0
50,50,7,3,0.30813630102658895,[-1  0  1  2  3  4  5  6],[ 3  3 14  8  9  4  6  7],2,3,2,0,0
51,51,7,2,0.07221583422915727,[-1  0  1  2  3  4  5  6],[ 2  3 14  8  9  4  7  7],2,3,2,0,0
52,52,7,2,0.12499869424492777,[-1  0  1  2  3  4  5  6],[ 2  3 14  8  9  4  7  7],2,3,2,0,0
53,53,7,1,0.20829329593035292,[-1  0  1  2  3  4  5  6],[ 1  3 14  8 10  4  7  7],2,3,2,0,0
54,54,6,1,0.2685038518904434,[-1  0  1  2  3  4  5],[ 1  3 14  8 10  4 14],2,1,3,0,0
55,55,6,2,0.143956009917078,[-1  0  1  2  3  4  5],[ 2  3 14  8  9  4 14],2,1,3,0,0
56,56,6,3,0.1493875031043384,[-1  0  1  2  3  4  5],[ 3  3 14  7  9  4 14],2,1,3,0,0
57,57,6,3,0.3008317954073423,[-1  0  1  2  3  4  5],[ 3  3 14  7  9  4 14],2,1,3,0,0
58,58,6,3,0.25358720060625944,[-1  0  1  2  3  4  5],[ 3  3 14  7  9  4 14],2,1,3,0,0
59,59,6,3,0.39176578670792145,[-1  0  1  2  3  4  5],[ 3  3 14  7  9  4 14],2,1,3,0,0
60,60,7,3,0.3935523920202331,[-1  0  1  2  3  4  5  6],[ 3  3 14  7  9  2 14  2],3,1,3,0,0
61,61,6,3,0.23916210969054855,[-1  0  1  2  3  4  5],[ 3  3 14  7  9  4 14],2,1,3,0,0
62,62,6,2,0.3964628153875989,[-1  0  1  2  3  4  5],[ 2  3 14  7 10  4 14],2,1,3,0,0
63,63,5,2,0.4674070371686017,[-1  0  1  2  3  4],[ 2  3 14 17  4 14],2,0,2,1,0
64,64,4,2,0.13679930418499214,[-1  0  1  2  3],[ 2  3 31  4 14],2,0,1,1,0
65,65,5,2,0.4925813369834291,[-1  0  1  2  3  4],[ 2  3 14 17  4 14],2,0,2,1,0
66,66,4,2,0.14093285932560365,[-1  0  1  2  3],[ 2  3 31  4 14],2,0,1,1,0
67,67,4,1,0.08818170010682852,[-1  0  1  2  3],[ 1  4 31  4 14],2,0,1,1,0
68,68,5,1,0.40635955458859024,[-1  0  1  2  3  4],[ 1  4 14 17  4 14],2,0,2,1,0
69,69,3,3,0.1925534861447942,[-1  0  1  2],[ 3 16 31  4],1,0,0,2,0
70,70,4,1,0.1493731202200855,[-1  0  1  2  3],[ 1  4 31  4 14],2,0,1,1,0
71,71,4,2,0.048946040916594,[-1  0  1  2  3],[ 2  3 31  4 14],2,0,1,1,0
72,72,4,1,0.0920655497324781,[-1  0  1  2  3],[ 1  4 31  4 14],2,0,1,1,0
73,73,4,1,0.17201999524763892,[-1  0  1  2  3],[ 1  4 31  4 14],2,0,1,1,0
74,74,4,1,0.18782445821598867,[-1  0  1  2  3],[ 1  4 31  4 14],2,0,1,1,0
75,75,4,1,0.2508255669464718,[-1  0  1  2  3],[ 1  4 31  4 14],2,0,1,1,0
76,76,4,1,0.2819747395860901,[-1  0  1  2  3],[ 1  4 31  4 14],2,0,1,1,0
77,77,4,1,0.18499998934070042,[-1  0  1  2  3],[ 1  4 31  4 14],2,0,1,1,0
78,78,4,1,0.23132387159178588,[-1  0  1  2  3],[ 1  4 31  4 14],2,0,1,1,0
79,79,4,1,0.17706727196818675,[-1  0  1  2  3],[ 1  4 31  4 14],2,0,1,1,0
80,80,3,1,0.040111274171026154,[-1  0  1  2],[ 1  4 31 18],1,0,0,2,0
81,81,4,1,0.02286466500817712,[-1  0  1  2  3],[ 1  4 31 16  2],2,0,0,2,0
82,82,4,1,0.1552542337707962,[-1  0  1  2  3],[ 1  4 31  4 14],2,0,1,1,0
83,83,5,2,0.074595296891859,[-1  0  1  2  3  4],[ 2  2  2 30 16  2],3,0,0,2,0
84,84,4,1,0.25617162118479586,[-1  0  1  2  3],[ 1  4 31  4 14],2,0,1,1,0
85,85,4,2,0.20915209861312292,[-1  0  1  2  3],[ 2  3 31  4 14],2,0,1,1,0
86,86,4,1,0.21192876107833525,[-1  0  1  2  3],[ 1  4 31  4 14],2,0,1,1,0
87,87,4,1,0.1977306452226816,[-1  0  1  2  3],[ 1  4 31  4 14],2,0,1,1,0
88,88,4,1,0.20770130186127653,[-1  0  1  2  3],[ 1  4 31  4 14],2,0,1,1,0
89,89,4,2,0.07985326853596078,[-1  0  1  2  3],[ 2  3 31  4 14],2,0,1,1,0
90,90,5,2,0.26117389700441684,[-1  0  1  2  3  4],[ 2  4 19 12  3 14],2,0,2,1,0
91,91,3,1,0.217510639908585,[-1  0  1  2],[ 1 18 31  4],1,0,0,2,0
92,92,4,2,0.39093596695895816,[-1  0  1  2  3],[ 2 17 14 17  4],1,0,1,2,0
93,93,4,1,0.45358550061018843,[-1  0  1  2  3],[ 1 18 14 16  5],0,1,1,2,0
94,94,4,0,0.5935533836127688,[0 1 2 3],[18 14 17  5],0,1,1,1,0
95,95,3,0,0.3230023217762324,[0 1 2],[18 31  5],0,1,0,1,0
96,96,4,0,0.5112725971851427,[0 1 2 3],[18 14 17  5],0,1,1,1,0
97,97,5,1,0.3160848454229961,[-1  0  1  2  3  4],[ 1 17 11 17  3  5],1,1,1,2,0
98,98,4,0,0.6529242859193778,[0 1 2 3],[18 14 17  5],0,1,1,1,0
99,99,5,0,0.6252533194707618,[0 1 2 3 4],[18 14 17  2  3],2,0,1,1,0
100,100,4,1,0.5049794770792191,[-1  0  1  2  3],[ 1 18 13 17  5],0,1,1,2,0
101,101,4,1,0.4852618862093454,[-1  0  1  2  3],[ 1 18 13 17  5],0,1,1,2,0
102,102,4,0,0.6497984184073569,[0 1 2 3],[18 14 17  5],0,1,1,1,0
103,103,4,0,0.5543916263696086,[0 1 2 3],[18 14 17  5],0,1,1,1,0
104,104,4,0,0.5851967260434445,[0 1 2 3],[18 14 17  5],0,1,1,1,0
105,105,5,2,0.44004732644294786,[-1  0  1  2  3  4],[ 2 18 14 14  4  2],2,0,2,1,0
106,106,5,5,0.4345340685194514,[-1  0  1  2  3  4],[ 5 17 14 12  4  2],2,0,2,1,0
107,107,5,2,0.42131869247590614,[-1  0  1  2  3  4],[ 2 18 14 14  4  2],2,0,2,1,0
108,108,4,0,0.5471884733326801,[0 1 2 3],[18 14 17  5],0,1,1,1,0
109,109,5,0,0.5866913841982189,[0 1 2 3 4],[18 14 17  2  3],2,0,1,1,0
110,110,4,1,0.45388466736287975,[-1  0  1  2  3],[ 1 17 14 17  5],0,1,1,2,0
111,111,4,1,0.37856673970832805,[-1  0  1  2  3],[ 1 17 14 19  3],1,0,1,2,0
112,112,3,4,0.3138076406804437,[-1  0  1  2],[ 4 17 12 21],0,0,1,2,0
113,113,4,1,0.6167911431080081,[-1  0  1  2  3],[ 1 18 14 17  4],1,0,1,2,0
114,114,5,4,0.4168226681959787,[-1  0  1  2  3  4],[ 4 17 10  2 17  4],2,0,1,2,0
115,115,5,0,0.5377733900231227,[0 1 2 3 4],[18 11  3 17  5],1,1,1,1,0
116,116,7,7,0.1441686512752562,[-1  0  1  2  3  4  5  6],[ 7  6 10  2 12  7  7  3],2,3,2,0,0
117,117,10,2,0.26385695500992096,[-1  0  1  2  3  4  5  6  7  8  9],[ 2  9  6 11  2  6  6  2  5  3  2],4,4,2,0,0
118,118,5,4,0.3495430784428797,[-1  0  1  2  3  4],[ 4 17 13  3 12  5],1,1,2,1,0
119,119,5,3,0.32812234047630323,[-1  0  1  2  3  4],[ 3 17 14  3 14  3],2,0,2,1,0
120,120,5,2,0.40289979490534217,[-1  0  1  2  3  4],[ 2 16 14 14  5  3],1,1,2,1,0
121,121,5,0,0.31464320841047155,[0 1 2 3 4],[ 5 13 14 17  5],0,1,2,1,0
122,122,4,0,0.4948544863992248,[0 1 2 3],[18 14 17  5],0,1,1,1,0
123,123,6,0,0.3586332417167841,[0 1 2 3 4 5],[16 10 17  4  5  2],2,1,1,1,0
124,124,5,0,0.3662964778127377,[0 1 2 3 4],[16 14 17  5  2],1,1,1,1,0
125,125,5,1,0.20419646871031427,[-1  0  1  2  3  4],[ 1 17 10 17  4  5],1,1,1,2,0
126,126,5,0,0.23681131134977243,[0 1 2 3 4],[16 14 17  5  2],1,1,1,1,0
127,127,6,1,0.13154910308951184,[-1  0  1  2  3  4  5],[ 1 15 10 17  4  5  2],2,1,2,1,0
128,128,3,1,0.3556059894029959,[-1  0  1  2],[ 1 18 14 21],0,0,1,2,0
129,129,6,0,0.21006910625189898,[0 1 2 3 4 5],[16  8  6 17  5  2],1,3,0,1,0
130,130,4,0,0.44799410301453224,[0 1 2 3],[18 14 17  5],0,1,1,1,0
131,131,4,0,0.41299985444199877,[0 1 2 3],[18 14 17  5],0,1,1,1,0
132,132,4,0,0.40112045390637796,[0 1 2 3],[18 14 17  5],0,1,1,1,0
133,133,7,0,0.11776422772617244,[0 1 2 3 4 5 6],[ 2 11  3 17  5 14  2],2,1,2,1,0
134,134,4,0,0.37622498684286004,[0 1 2 3],[18 14 17  5],0,1,1,1,0
135,135,4,0,0.441608838061599,[0 1 2 3],[18 14 17  5],0,1,1,1,0
136,136,5,3,0.2659364114521711,[-1  0  1  2  3  4],[ 3 15 12 17  5  2],1,1,2,1,0
137,137,4,1,0.3324050153428901,[-1  0  1  2  3],[ 1 18 13 17  5],0,1,1,2,0
138,138,4,0,0.4320663716370512,[0 1 2 3],[18 14 17  5],0,1,1,1,0
139,139,4,0,0.43183811267057565,[0 1 2 3],[18 14 17  5],0,1,1,1,0
140,140,4,2,0.06900697667981036,[-1  0  1  2  3],[ 2 18 28  3  3],2,0,0,2,0
141,141,3,1,0.2092307698200306,[-1  0  1  2],[ 1 18 31  4],1,0,0,2,0
142,142,4,1,0.004623682530051247,[-1  0  1  2  3],[ 1 18 30  3  2],2,0,0,2,0
143,143,3,0,0.20074384855407448,[0 1 2],[18 31  5],0,1,0,1,0
144,144,3,0,0.21489357923046945,[0 1 2],[18 31  5],0,1,0,1,0
145,145,3,0,0.17838060220007912,[0 1 2],[18 31  5],0,1,0,1,0
146,146,6,1,0.33179997844658615,[-1  0  1  2  3  4  5],[ 1 18  9  6 16  2  2],2,1,1,2,0
147,147,4,1,0.11786663354993045,[-1  0  1  2  3],[ 1 17 31  2  3],2,0,0,2,0
148,148,3,1,0.05683140688974552,[-1  0  1  2],[ 1 17 31  5],0,1,0,2,0
149,149,4,0,0.3122065616302796,[0 1 2 3],[18 25  6  5],0,2,0,1,0
150,150,4,0,0.18209533105209189,[0 1 2 3],[18 24  7  5],0,2,0,1,0
151,151,4,1,0.05149341752969427,[-1  0  1  2  3],[ 1 18 24  6  5],0,2,0,2,0
152,152,3,1,0.02429975656310807,[-1  0  1  2],[ 1 17 31  5],0,1,0,2,0
153,153,3,0,0.12733630856000222,[0 1 2],[18 31  5],0,1,0,1,0
154,154,4,0,0.03373177364399445,[0 1 2 3],[14  4 31  5],1,1,0,1,0
155,155,4,0,0.3414146182289243,[0 1 2 3],[18  9 22  5],0,1,1,1,0
156,156,4,0,0.25095382475228956,[0 1 2 3],[18  9 22  5],0,1,1,1,0
157,157,4,1,0.2954589580566279,[-1  0  1  2  3],[ 1 18 12 19  4],1,0,1,2,0
158,158,4,0,0.26435582205628105,[0 1 2 3],[18 31  2  3],2,0,0,1,0
159,159,4,0,0.14656043597646012,[0 1 2 3],[18 28  3  5],1,1,0,1,0
160,160,3,0,0.2378360432527937,[0 1 2],[18 31  5],0,1,0,1,0
161,161,3,0,0.19505678179190358,[0 1 2],[18 31  5],0,1,0,1,0
162,162,4,0,0.24372940055082745,[0 1 2 3],[18 14 17  5],0,1,1,1,0
163,163,5,0,0.19517638179180127,[0 1 2 3 4],[18 24  7  2  3],2,1,0,1,0
164,164,4,0,0.29439236529710133,[0 1 2 3],[18 14 17  5],0,1,1,1,0
165,165,6,0,0.30265098776612714,[0 1 2 3 4 5],[18 11  3 10  7  5],1,2,2,0,0
166,166,3,0,0.3196931682721339,[0 1 2],[18 31  5],0,1,0,1,0
167,167,4,0,0.17604539455347964,[0 1 2 3],[12 31  5  6],0,2,0,1,0
168,168,5,1,0.2632984270037143,[-1  0  1  2  3  4],[ 1 18  6  7 17  5],0,3,0,2,0
169,169,4,0,0.37456246608092164,[0 1 2 3],[18 14 17  5],0,1,1,1,0
170,170,6,0,0.18365372490450832,[0 1 2 3 4 5],[16  6  8 17  5  2],1,3,0,1,0
171,171,5,0,0.233022901565425,[0 1 2 3 4],[18  5  9 17  5],0,2,1,1,0
172,172,4,0,0.2650023679341763,[0 1 2 3],[18 14 17  5],0,1,1,1,0
173,173,5,1,0.1645706278069852,[-1  0  1  2  3  4],[ 1 16 14 17  4  2],2,0,1,2,0
174,174,3,1,0.0883282414291604,[-1  0  1  2],[ 1 18 31  4],1,0,0,2,0
175,175,5,0,0.23667491477088548,[0 1 2 3 4],[18 14 17  3  2],2,0,1,1,0
176,176,5,1,0.2619277867577091,[-1  0  1  2  3  4],[ 1 18 14 11  6  4],1,1,2,1,0
177,177,5,1,0.33993440314525863,[-1  0  1  2  3  4],[ 1 18  9  5 17  4],1,1,1,2,0
178,178,4,2,0.3284459542630624,[-1  0  1  2  3],[ 2 17 14 17  4],1,0,1,2,0
179,179,4,1,0.31757176234624174,[-1  0  1  2  3],[ 1 18 14 17  4],1,0,1,2,0
180,180,4,2,-0.026086919625280956,[-1  0  1  2  3],[ 2  2 20 13 17],1,0,1,2,0
181,181,5,0,0.3682043990944892,[0 1 2 3 4],[18 14 17  2  3],2,0,1,1,0
182,182,6,0,0.14675499044901194,[0 1 2 3 4 5],[ 8 10 14 17  2  3],2,0,2,1,0
183,183,8,1,-0.02386895914789889,[-1  0  1  2  3  4  5  6  7],[ 1  8  9  9 15  2  2  5  3],3,2,3,0,0
184,184,6,4,0.09954332145208741,[-1  0  1  2  3  4  5],[ 4 11  6 10 16  2  5],1,2,2,1,0
185,185,7,3,0.014931342222447184,[-1  0  1  2  3  4  5  6],[ 3  8  6  5 17  5  8  2],1,5,0,1,0
186,186,8,3,0.17555065288135538,[-1  0  1  2  3  4  5  6  7],[3 8 9 9 8 8 4 2 3],3,3,2,0,0
187,187,6,4,0.12743211095137222,[-1  0  1  2  3  4  5],[ 4 10  9  4 16  5  6],1,2,2,1,0
188,188,7,3,0.11748824614822256,[-1  0  1  2  3  4  5  6],[ 3  2  8 16  9  8  5  3],2,3,1,1,0
189,189,7,0,0.10126110793132496,[0 1 2 3 4 5 6],[ 8 10  9  5  9  5  8],0,3,3,0,0
190,190,8,2,0.10767557038477314,[-1  0  1  2  3  4  5  6  7],[ 2  4  9 13  8  5  4  6  3],3,3,2,0,0
191,191,8,3,0.19687894171629658,[-1  0  1  2  3  4  5  6  7],[ 3 13  9  8  2  7  7  2  3],3,3,2,0,0
192,192,10,3,0.025007684768756495,[-1  0  1  2  3  4  5  6  7  8  9],[ 3  3 10 11  3  7  6  3  2  4  2],6,2,2,0,0
193,193,8,2,0.11644080150623054,[-1  0  1  2  3  4  5  6  7],[ 2 17  8  2  7  7  2  7  2],3,4,0,1,0
194,194,4,0,0.27864989378422417,[0 1 2 3],[18 19  8  9],0,1,1,1,0
195,195,7,1,0.12587300419707018,[-1  0  1  2  3  4  5  6],[ 1 11 10  4  8  9  4  7],2,2,3,0,0
196,196,5,2,0.198850657469759,[-1  0  1  2  3  4],[ 2  3 13 17 13  6],1,1,2,1,0
197,197,5,2,0.13520525853325654,[-1  0  1  2  3  4],[ 2 11 28  5  3  5],1,2,1,1,0
198,198,5,1,0.09245741295508948,[-1  0  1  2  3  4],[ 1 17  6  7 14  9],0,2,2,1,0
199,199,8,0,0.19259888570880082,[0 1 2 3 4 5 6 7],[10 10  7 17  2  3  2  3],4,1,1,1,0
200,200,6,0,0.09803102755491487,[0 1 2 3 4 5],[18  4  7 14  8  3],2,2,1,0,0
201,201,8,1,0.058881489771877564,[-1  0  1  2  3  4  5  6  7],[ 1  2  6 18  7 13  3  2  2],4,2,1,1,0
202,202,10,4,0.06639749342136225,[-1  0  1  2  3  4  5  6  7  8  9],[4 9 2 7 4 8 8 2 2 6 2],5,4,1,0,0
203,203,9,3,0.08211355465616464,[-1  0  1  2  3  4  5  6  7  8],[ 3 10 12  2  4  9  5  2  5  2],4,2,3,0,0
204,204,8,2,0.0327087587722891,[-1  0  1  2  3  4  5  6  7],[ 2  2  8  3  2  6  3 14 14],4,2,2,0,0
205,205,7,2,0.02831568166921358,[-1  0  1  2  3  4  5  6],[ 2  8  4  4  7  3 13 13],3,2,2,0,0
206,206,9,3,-0.012355609339819225,[-1  0  1  2  3  4  5  6  7  8],[ 3  9  3  3  7  9 11  3  4  2],5,1,3,0,0
207,207,6,5,0.11491450116890763,[-1  0  1  2  3  4  5],[ 5  6  6 13  6 16  2],1,3,1,1,0
208,208,10,8,0.01299414305892398,[-1  0  1  2  3  4  5  6  7  8  9],[ 8  5  4  4  4  2 15  6  2  2  2],7,2,1,0,0
209,209,10,7,0.2345945390032885,[-1  0  1  2  3  4  5  6  7  8  9],[ 7  6 10  2  2  4  9  5  3  3  3],6,2,2,0,0
210,210,8,7,0.18453716614511909,[-1  0  1  2  3  4  5  6  7],[ 7  6  6  7 13  5  5  3  2],2,5,1,0,0
211,211,12,6,0.20058142546090063,[-1  0  1  2  3  4  5  6  7  8  9 10 11],[6 6 6 2 8 4 3 5 3 2 2 3 4],8,4,0,0,0
212,212,15,5,0.2036966755015149,[-1  0  1  2  3  4  5  6  7  8  9 10 11 12 13 14],[5 4 6 3 8 4 2 3 2 2 2 2 3 4 2 2],13,2,0,0,0
213,213,7,5,-0.00828742050118489,[-1  0  1  2  3  4  5  6],[ 5  8 13  3  2  6 15  2],3,2,2,0,0
214,214,9,6,0.12116760636280567,[-1  0  1  2  3  4  5  6  7  8],[ 6  8 11  2  4  2  9  2  7  3],5,2,2,0,0
215,215,9,3,0.2828319607618703,[-1  0  1  2  3  4  5  6  7  8],[ 3  3 10  3 10  3 10  5  2  5],4,2,3,0,0
216,216,7,7,0.02865149774531965,[-1  0  1  2  3  4  5  6],[ 7  3 10  6 13  9  3  3],3,1,3,0,0
217,217,9,6,0.21559719904612556,[-1  0  1  2  3  4  5  6  7  8],[ 6  3 12  4  2  7  4  3  7  6],5,3,1,0,0
218,218,10,5,0.152578278895698,[-1  0  1  2  3  4  5  6  7  8  9],[ 5  2 10  2  3 13  4  9  2  2  2],7,0,3,0,0
219,219,5,5,0.35329772094056283,[-1  0  1  2  3  4],[ 5  2  9 18 16  4],2,0,1,2,0
220,220,10,2,0.23240923141074551,[-1  0  1  2  3  4  5  6  7  8  9],[ 2  3  3 17  3  9  6  2  5  2  2],6,2,1,1,0
221,221,4,0,0.4978702965156171,[0 1 2 3],[16 19 17  2],1,0,0,2,0
222,222,10,8,0.14136404919540643,[-1  0  1  2  3  4  5  6  7  8  9],[8 2 9 8 8 4 3 3 2 4 3],7,2,1,0,0
223,223,12,5,0.19362307126918438,[-1  0  1  2  3  4  5  6  7  8  9 10 11],[ 5  4 12  4  2  2  2  6  2  9  2  2  2],9,1,2,0,0
224,224,11,13,0.16098760050493718,[-1  0  1  2  3  4  5  6  7  8  9 10],[13  2  4  4  3  4  8  2  2  2  6  4],9,2,0,0,0
225,225,9,8,0.1486024811078427,[-1  0  1  2  3  4  5  6  7  8],[ 8  2  9  3  6 11  2  2  6  5],4,3,2,0,0
226,226,13,12,0.14805793389382982,[-1  0  1  2  3  4  5  6  7  8  9 10 11 12],[12  7  3  3  7  2  2  2  6  2  2  2  2  2],10,3,0,0,0
227,227,12,13,0.08995220384016998,[-1  0  1  2  3  4  5  6  7  8  9 10 11],[13  2  7  2  3  4  3  4  2  2  5  4  3],10,2,0,0,0
228,228,7,15,0.07658205715656206,[-1  0  1  2  3  4  5  6],[15 12  2  9  2  3  6  5],3,2,2,0,0
229,229,11,8,0.12595065142452805,[-1  0  1  2  3  4  5  6  7  8  9 10],[ 8 14  2  6  2  3  4  5  2  4  2  2],8,2,1,0,0
230,230,11,15,-0.02585722965446548,[-1  0  1  2  3  4  5  6  7  8  9 10],[15 13  3  2  2  4  2  4  2  2  2  3],10,0,1,0,0
231,231,9,14,-0.04420995676288343,[-1  0  1  2  3  4  5  6  7  8],[14 11  2  2  2  8  2  8  3  2],6,2,1,0,0
232,232,10,14,-0.10326432048904123,[-1  0  1  2  3  4  5  6  7  8  9],[14 14  2  7  2  2  3  3  2  2  3],8,1,1,0,0
233,233,10,15,-0.07276050509021957,[-1  0  1  2  3  4  5  6  7  8  9],[15 15  2  7  2  2  2  2  2  2  3],8,1,1,0,0
234,234,7,11,-0.03882931837737233,[-1  0  1  2  3  4  5  6],[11  3 22  2  3  6  4  3],5,1,0,1,0
235,235,5,12,-0.1172796367315741,[-1  0  1  2  3  4],[12  9 20  7  2  4],2,1,1,1,0
236,236,9,8,-0.11964744663285536,[-1  0  1  2  3  4  5  6  7  8],[ 8  2  2 23  2  2  3  6  4  2],7,1,0,1,0
237,237,10,8,-0.017575561822527844,[-1  0  1  2  3  4  5  6  7  8  9],[ 8  2  5 18  2  2  4  5  3  3  2],7,2,0,1,0
238,238,10,10,-0.020248868317830484,[-1  0  1  2  3  4  5  6  7  8  9],[10  2 16  4  2  4  5  3  3  2  3],8,1,0,1,0
239,239,9,5,0.04750797901773263,[-1  0  1  2  3  4  5  6  7  8],[ 5  3  5 21  3  4  5  3  3  2],6,2,0,1,0
240,240,11,8,0.11672456032938605,[-1  0  1  2  3  4  5  6  7  8  9 10],[ 8  6  3 11  2  4  3  2  6  5  2  2],7,3,1,0,0
241,241,13,13,-0.0027363235526775185,[-1  0  1  2  3  4  5  6  7  8  9 10 11 12],[13  2  5  2  5  4  4  3  3  4  2  2  3  2],11,2,0,0,0
242,242,9,16,0.006248736110209737,[-1  0  1  2  3  4  5  6  7  8],[16  6  5  3  8  3  3  5  3  2],5,4,0,0,0
243,243,13,3,0.05115982117921693,[-1  0  1  2  3  4  5  6  7  8  9 10 11 12],[3 6 6 9 5 2 3 2 3 5 2 3 2 3],8,4,1,0,0
244,244,8,20,-0.1263213369098891,[-1  0  1  2  3  4  5  6  7],[20 11  6  3  4  2  2  3  3],6,1,1,0,0
245,245,12,20,0.06344037570778419,[-1  0  1  2  3  4  5  6  7  8  9 10 11],[20  2  4  4  2  5  2  3  3  2  2  3  2],11,1,0,0,0
246,246,11,20,-0.0424450376501787,[-1  0  1  2  3  4  5  6  7  8  9 10],[20  2  5  2  5  3  2  2  3  3  5  2],8,3,0,0,0
247,247,12,15,-0.03326140610461592,[-1  0  1  2  3  4  5  6  7  8  9 10 11],[15  2  5  5  3  3  2  3  4  3  4  3  2],10,2,0,0,0
248,248,11,20,-0.1087719913274561,[-1  0  1  2  3  4  5  6  7  8  9 10],[20  2  8  3  3  2  3  3  2  4  2  2],10,1,0,0,0
249,249,10,17,0.05689084546234551,[-1  0  1  2  3  4  5  6  7  8  9],[17 10  3  4  3  3  3  4  2  3  2],9,0,1,0,0
250,250,12,9,0.1861259291801231,[-1  0  1  2  3  4  5  6  7  8  9 10 11],[9 6 3 4 3 7 2 2 3 4 3 5 3],9,3,0,0,0
251,251,9,7,0.28057748943817135,[-1  0  1  2  3  4  5  6  7  8],[ 7 17  4  4  4  5  4  3  4  2],7,1,0,1,0
252,252,14,18,0.08944691931614895,[-1  0  1  2  3  4  5  6  7  8  9 10 11 12 13],[18  5  2  3  3  2  2  3  2  3  2  3  2  2  2],13,1,0,0,0
253,253,13,9,0.10954301427579223,[-1  0  1  2  3  4  5  6  7  8  9 10 11 12],[ 9 10  2  7  3  4  2  3  2  3  2  2  2  3],11,1,1,0,0
254,254,15,11,0.18827336306820966,[-1  0  1  2  3  4  5  6  7  8  9 10 11 12 13 14],[11  4  3  3  3  4  2  4  2  4  2  3  2  2  2  3],15,0,0,0,0
255,255,14,7,0.11447964674509625,[-1  0  1  2  3  4  5  6  7  8  9 10 11 12 13],[ 7  4  2 12  2  3  2  2  4  4  3  2  2  2  3],13,0,1,0,0
256,256,13,12,0.19545919107284832,[-1  0  1  2  3  4  5  6  7  8  9 10 11 12],[12  4  5  4  4  4  2  3  2  2  3  4  3  2],12,1,0,0,0
257,257,13,9,0.06127883158709003,[-1  0  1  2  3  4  5  6  7  8  9 10 11 12],[ 9  4  4 12  4  2  2  2  3  4  2  2  2  2],12,0,1,0,0
258,258,8,8,-0.02796344675187953,[-1  0  1  2  3  4  5  6  7],[ 8  4  4 17 10  2  5  2  2],5,1,1,1,0
259,259,6,6,-0.011325411173607842,[-1  0  1  2  3  4  5],[ 6  7 26  3  6  4  2],3,2,0,1,0
260,260,10,1,0.3111433199264041,[-1  0  1  2  3  4  5  6  7  8  9],[ 1  8 16  8  2  3  3  5  4  2  2],6,3,0,1,0
261,261,11,8,0.165110898228915,[-1  0  1  2  3  4  5  6  7  8  9 10],[ 8 12  9  4  3  5  3  2  2  2  2  2],8,1,2,0,0
262,262,11,6,0.19252356927076342,[-1  0  1  2  3  4  5  6  7  8  9 10],[6 8 8 7 3 4 4 4 3 3 2 2],8,3,0,0,0
263,263,10,2,0.22105731818570856,[-1  0  1  2  3  4  5  6  7  8  9],[ 2  8 12  6  7  2  3  6  2  2  4],5,4,1,0,0
264,264,7,2,0.08493725042563012,[-1  0  1  2  3  4  5  6],[ 2 10 18  6  8  3  5  2],2,3,1,1,0
265,265,7,1,0.011476718657380704,[-1  0  1  2  3  4  5  6],[ 1  6 23  7  5  7  3  2],2,4,0,1,0
266,266,5,4,0.2247222413771208,[-1  0  1  2  3  4],[ 4  9 18 17  4  2],2,0,1,2,0
267,267,6,3,0.23086435174957848,[-1  0  1  2  3  4  5],[ 3  8 19 10  6  6  2],1,3,1,1,0
268,268,6,4,0.17814132081818584,[-1  0  1  2  3  4  5],[ 4  7 13  7  8  8  7],0,5,1,0,0
269,269,5,2,0.11787870634902127,[-1  0  1  2  3  4],[ 2  8 12 18  9  5],0,2,2,1,0
270,270,5,2,-0.0013826999464741816,[-1  0  1  2  3  4],[ 2 13 21  7  7  4],1,2,1,1,0
271,271,8,4,0.11708100110292098,[-1  0  1  2  3  4  5  6  7],[ 4  3 15  8  6  6  6  3  3],3,4,1,0,0
272,272,10,6,0.009314234006107239,[-1  0  1  2  3  4  5  6  7  8  9],[ 6  7  3  8 11  6  3  2  3  3  2],6,3,1,0,0
273,273,11,4,0.106508104731201,[-1  0  1  2  3  4  5  6  7  8  9 10],[ 4  3  2  2  2  7 12  8  4  2  5  3],7,3,1,0,0
274,274,9,4,0.26134768685779497,[-1  0  1  2  3  4  5  6  7  8],[4 5 4 9 8 7 8 2 3 4],4,4,1,0,0
275,275,8,3,0.25978106899768627,[-1  0  1  2  3  4  5  6  7],[ 3  3  6  7 10  7  4  8  6],2,5,1,0,0
276,276,9,7,0.3085650538359837,[-1  0  1  2  3  4  5  6  7  8],[7 6 3 7 8 6 5 3 5 4],3,6,0,0,0
277,277,6,3,0.06479195117295132,[-1  0  1  2  3  4  5],[ 3  8 21  7  8  5  2],1,4,0,1,0
278,278,8,5,0.01473419642386818,[-1  0  1  2  3  4  5  6  7],[ 5  6  3 18  7  7  3  2  3],4,3,0,1,0
279,279,10,9,-0.006116305056294695,[-1  0  1  2  3  4  5  6  7  8  9],[9 3 6 6 7 7 3 3 5 3 2],5,5,0,0,0
280,280,9,15,0.07047284828607397,[-1  0  1  2  3  4  5  6  7  8],[15  4  3  4  7  7  3  3  4  4],7,2,0,0,0
281,281,12,8,0.014314060004006793,[-1  0  1  2  3  4  5  6  7  8  9 10 11],[ 8  6  3  2 14  2  2  2  4  5  2  2  2],9,2,1,0,0
282,282,11,12,0.10722344782832442,[-1  0  1  2  3  4  5  6  7  8  9 10],[12  3  2  9  3  6  5  2  3  3  2  4],8,2,1,0,0
283,283,11,10,0.07048585261750147,[-1  0  1  2  3  4  5  6  7  8  9 10],[10  5  5  9  2  2  7  2  4  3  2  3],7,3,1,0,0
284,284,7,12,0.08437370394881938,[-1  0  1  2  3  4  5  6],[12  5  9  2  6 10  6  4],2,3,2,0,0
285,285,11,11,-0.008634975733993189,[-1  0  1  2  3  4  5  6  7  8  9 10],[11  3  4  2  9  4  5  4  2  3  4  3],9,1,1,0,0
286,286,9,9,0.06487185510165026,[-1  0  1  2  3  4  5  6  7  8],[ 9  8 10  3  6  5  6  2  3  2],4,4,1,0,0
287,287,10,3,0.1286520985188111,[-1  0  1  2  3  4  5  6  7  8  9],[ 3  4  7 15  3  5  5  2  5  3  2],5,4,1,0,0
288,288,8,7,0.22888336107106433,[-1  0  1  2  3  4  5  6  7],[ 7  2 19 10  4  5  3  2  2],5,1,1,1,0
289,289,8,6,0.11202072556832615,[-1  0  1  2  3  4  5  6  7],[ 6  2 10 16  7  2  5  3  3],4,2,1,1,0
290,290,9,11,0.06350539735676973,[-1  0  1  2  3  4  5  6  7  8],[11  2  7 17  6  2  2  2  3  2],6,2,0,1,0
291,291,10,10,0.0066119676908125416,[-1  0  1  2  3  4  5  6  7  8  9],[10  4  7 14  2  3  4  2  3  3  2],8,1,1,0,0
292,292,13,9,0.18144475764548737,[-1  0  1  2  3  4  5  6  7  8  9 10 11 12],[9 2 2 2 8 3 3 8 4 2 3 2 2 4],11,2,0,0,0
293,293,9,11,0.20692208670930967,[-1  0  1  2  3  4  5  6  7  8],[11  2  8  7  4  9  5  3  3  2],5,3,1,0,0
294,294,11,7,0.3186865012121448,[-1  0  1  2  3  4  5  6  7  8  9 10],[7 4 8 7 4 4 3 4 5 3 3 2],8,3,0,0,0
295,295,10,10,0.1932030870156476,[-1  0  1  2  3  4  5  6  7  8  9],[10  2  3  7  7  6  5  2  3  7  2],5,5,0,0,0
296,296,11,10,0.24493543907614407,[-1  0  1  2  3  4  5  6  7  8  9 10],[10  2  8  6  9  2  2  2  2  7  2  2],7,3,1,0,0
297,297,11,15,0.1273599476899141,[-1  0  1  2  3  4  5  6  7  8  9 10],[15  3  5  6  4  4  4  5  2  2  2  2],8,3,0,0,0
298,298,11,12,0.1714505759896729,[-1  0  1  2  3  4  5  6  7  8  9 10],[12  2  3  8  3  5  7  2  2  3  5  2],7,4,0,0,0
299,299,12,14,0.1688091250358159,[-1  0  1  2  3  4  5  6  7  8  9 10 11],[14  4  2  7  3  4  2  2  5  3  3  3  2],10,2,0,0,0
300,300,11,12,0.14550408360185824,[-1  0  1  2  3  4  5  6  7  8  9 10],[12  7  2  9  4  4  2  5  2  2  2  3],8,2,1,0,0
301,301,12,10,0.19303602810243936,[-1  0  1  2  3  4  5  6  7  8  9 10 11],[10  2  5  9  3  3  4  2  6  4  2  2  2],9,2,1,0,0
302,302,9,5,0.2530308858540976,[-1  0  1  2  3  4  5  6  7  8],[5 2 7 9 8 7 7 4 3 2],4,4,1,0,0
303,303,11,8,0.21279810099053642,[-1  0  1  2  3  4  5  6  7  8  9 10],[ 8  2  7  2  6  2  8  2 10  2  2  3],7,3,1,0,0
304,304,9,6,0.1670732750708698,[-1  0  1  2  3  4  5  6  7  8],[ 6  2 10  4  6  3  9  2 10  2],5,1,3,0,0
305,305,10,7,0.21295468585779698,[-1  0  1  2  3  4  5  6  7  8  9],[ 7  8  2  6  3  7  2 12  2  3  2],6,3,1,0,0
306,306,8,11,0.1528925352658581,[-1  0  1  2  3  4  5  6  7],[11  7  7  8  3  2 11  2  3],4,3,1,0,0
307,307,8,7,0.15341406419944154,[-1  0  1  2  3  4  5  6  7],[ 7 13  4 10  9  3  2  4  2],5,0,3,0,0
308,308,10,4,0.19051061142278747,[-1  0  1  2  3  4  5  6  7  8  9],[ 4  2  4  8 12  3  2  2 11  2  4],7,1,2,0,0
309,309,10,6,0.1873187465242849,[-1  0  1  2  3  4  5  6  7  8  9],[ 6  2  3  3  9  2  3  7  2 11  6],6,2,2,0,0
310,310,13,8,0.04529377371872204,[-1  0  1  2  3  4  5  6  7  8  9 10 11 12],[ 8  2  4 14  2  2  3  2  2  5  3  2  2  3],11,1,1,0,0
311,311,9,9,0.08564561958325012,[-1  0  1  2  3  4  5  6  7  8],[ 9  3  4  8 13  3  3  6  2  3],6,2,1,0,0
312,312,11,12,0.07727539904404296,[-1  0  1  2  3  4  5  6  7  8  9 10],[12  2  5  7  2  3  7  4  3  5  2  2],7,4,0,0,0
313,313,10,7,0.19674010364809252,[-1  0  1  2  3  4  5  6  7  8  9],[7 4 8 7 8 2 2 2 4 8 2],6,4,0,0,0
314,314,10,8,0.10880043382041976,[-1  0  1  2  3  4  5  6  7  8  9],[ 8  4  3 10 10  4  2  2  4  5  2],7,1,2,0,0
315,315,6,5,0.029712665748186803,[-1  0  1  2  3  4  5],[ 5  5 25  4  3  2 10],3,1,1,1,0
316,316,8,6,0.16176310834215177,[-1  0  1  2  3  4  5  6  7],[ 6 15 11  2  3 10  2  3  2],5,0,3,0,0
317,317,7,7,0.19708984215720662,[-1  0  1  2  3  4  5  6],[ 7  7 15  3  3  8  2  9],3,2,2,0,0
318,318,7,7,0.26509330489903743,[-1  0  1  2  3  4  5  6],[ 7 15 11  2  3  8  6  2],3,2,2,0,0
319,319,9,7,0.11227723197384826,[-1  0  1  2  3  4  5  6  7  8],[7 6 3 9 2 4 9 4 6 4],5,2,2,0,0
320,320,12,5,0.15575928853162785,[-1  0  1  2  3  4  5  6  7  8  9 10 11],[ 5  2  5  5  5  2  3 11  2  3  2  5  4],7,4,1,0,0
321,321,10,17,-0.020954710054506012,[-1  0  1  2  3  4  5  6  7  8  9],[17  3  2  4  2  3  9  6  3  2  3],8,1,1,0,0
322,322,12,13,-0.016401680680071754,[-1  0  1  2  3  4  5  6  7  8  9 10 11],[13  2  4  5  2  2 11  2  3  4  2  2  2],10,1,1,0,0
323,323,10,7,0.1284309292941871,[-1  0  1  2  3  4  5  6  7  8  9],[ 7  3  7  2  2  4  3  9 13  2  2],7,1,2,0,0
324,324,10,9,0.10664500540472967,[-1  0  1  2  3  4  5  6  7  8  9],[ 9  2  4  6  2  4  2  8 13  2  2],7,2,1,0,0
325,325,7,10,-0.027616528389443236,[-1  0  1  2  3  4  5  6],[10  2 16  5  2  2 13  4],4,1,1,1,0
326,326,8,5,0.16935032748607273,[-1  0  1  2  3  4  5  6  7],[ 5 14  3  9  2  2  4  7  8],4,2,2,0,0
327,327,7,6,0.16799860279654222,[-1  0  1  2  3  4  5  6],[ 6 15  2 12  2 11  2  4],4,0,3,0,0
328,328,8,10,-0.035250251444263137,[-1  0  1  2  3  4  5  6  7],[10  2 13  2  7  2  2 14  2],5,1,2,0,0
329,329,9,13,0.1173238626053588,[-1  0  1  2  3  4  5  6  7  8],[13  2  2  6  7  2  4 14  2  2],6,2,1,0,0
330,330,9,4,0.00745875951201491,[-1  0  1  2  3  4  5  6  7  8],[ 4  2 14  2  4  5 16  3  2  2],6,1,1,1,0
331,331,8,6,0.15988751986714675,[-1  0  1  2  3  4  5  6  7],[ 6 11 12  2  2 14  2  2  3],5,0,3,0,0
332,332,7,1,0.2779836040662946,[-1  0  1  2  3  4  5  6],[ 1 18  3  9 14  2  2  5],3,1,2,1,0
333,333,7,4,0.3037210394266503,[-1  0  1  2  3  4  5  6],[ 4 17  3  4  7 11  4  4],4,1,1,1,0
334,334,6,5,0.2647979932360983,[-1  0  1  2  3  4  5],[ 5  2 12 15  2 14  4],3,0,3,0,0
335,335,8,7,0.12983857960193754,[-1  0  1  2  3  4  5  6  7],[ 7  2  2  9  8  4  7 13  2],4,2,2,0,0
336,336,6,4,0.2788318406171036,[-1  0  1  2  3  4  5],[ 4  2 12 15  3 14  4],3,0,3,0,0
337,337,10,7,0.27858060886944636,[-1  0  1  2  3  4  5  6  7  8  9],[7 3 6 2 4 8 2 3 8 7 4],6,4,0,0,0
338,338,10,10,0.1912891066424263,[-1  0  1  2  3  4  5  6  7  8  9],[10  3  7  2  2  2  5  2 15  2  4],7,2,1,0,0
339,339,6,5,0.2352961382009573,[-1  0  1  2  3  4  5],[ 5 18  3 12  2 10  4],3,0,2,1,0
340,340,9,6,0.16785471681559566,[-1  0  1  2  3  4  5  6  7  8],[ 6 16  3  8  2  4  2  7  2  4],6,2,0,1,0
341,341,7,5,0.44733863445673955,[-1  0  1  2  3  4  5  6],[ 5 18 18  2  3  3  3  2],5,0,0,2,0
342,342,7,3,0.2578980560438407,[-1  0  1  2  3  4  5  6],[ 3 17  2 11  3  8  4  6],3,2,1,1,0
343,343,8,5,0.0993412495781573,[-1  0  1  2  3  4  5  6  7],[ 5  2  9  3 13  4 13  2  3],5,0,3,0,0
344,344,5,2,0.294742633655365,[-1  0  1  2  3  4],[ 2  2 19 16  2 13],2,0,1,2,0
345,345,6,2,0.21245560117701345,[-1  0  1  2  3  4  5],[ 2  2 10 11  5  8 16],1,2,2,1,0
346,346,3,1,0.41398042727059,[-1  0  1  2],[ 1 17 19 17],0,0,0,3,0
347,347,4,7,0.2801351537333785,[-1  0  1  2  3],[ 7 21  8 11  7],0,2,1,1,0
348,348,6,7,0.2962337542521819,[-1  0  1  2  3  4  5],[ 7 16  8  5 11  4  3],2,2,1,1,0
349,349,8,4,-0.02621275185034678,[-1  0  1  2  3  4  5  6  7],[ 4  2  2  9  4 24  3  2  4],6,0,1,1,0
350,350,4,5,0.09323409614505129,[-1  0  1  2  3],[ 5  2 11 31  5],1,1,1,1,0
351,351,6,7,0.06448775913624931,[-1  0  1  2  3  4  5],[ 7 18 11  4  7  3  4],3,1,1,1,0
352,352,6,11,-0.07507836809998007,[-1  0  1  2  3  4  5],[11  2  9 22  5  3  2],3,1,1,1,0
353,353,9,8,0.09340454704003252,[-1  0  1  2  3  4  5  6  7  8],[ 8  4  8  3  6  2  2 17  2  2],6,2,0,1,0
354,354,7,7,-0.0631243416007968,[-1  0  1  2  3  4  5  6],[ 7  2  2  8 26  3  3  3],5,1,0,1,0
355,355,8,6,0.17521736037172692,[-1  0  1  2  3  4  5  6  7],[ 6 10  2  9  2  4  2 15  4],5,0,3,0,0
356,356,9,5,0.19235817079170855,[-1  0  1  2  3  4  5  6  7  8],[ 5  2  2  9 11  3  3 13  2  4],6,0,3,0,0
357,357,8,7,0.18964842989780764,[-1  0  1  2  3  4  5  6  7],[ 7  2  8  8  8  3  2 14  2],4,3,1,0,0
358,358,10,7,0.14641448478452934,[-1  0  1  2  3  4  5  6  7  8  9],[ 7  2  8  4  3  5  3  4 14  2  2],7,2,1,0,0
359,359,12,12,0.06325581086542567,[-1  0  1  2  3  4  5  6  7  8  9 10 11],[12  5  3  4  4  3  2  2  2  9  4  2  2],10,1,1,0,0
360,360,9,11,0.047252736843802844,[-1  0  1  2  3  4  5  6  7  8],[11 16  6  5  2  4  4  2  2  2],6,2,0,1,0
361,361,9,12,0.0831609915433799,[-1  0  1  2  3  4  5  6  7  8],[12 15  5  4  4  3  4  2  2  3],7,1,1,0,0
362,362,13,9,0.2033869055045392,[-1  0  1  2  3  4  5  6  7  8  9 10 11 12],[ 9  3  2  2  4  4  2  2  4  2  2  2 14  2],12,0,1,0,0
363,363,6,1,0.28869221796865446,[-1  0  1  2  3  4  5],[ 1  3 11  7 17 13  2],2,1,2,1,0
364,364,10,7,0.14476630986171637,[-1  0  1  2  3  4  5  6  7  8  9],[ 7  3  2  3  3  9  2  2  2  6 15],7,1,2,0,0
365,365,5,2,0.3225225401350914,[-1  0  1  2  3  4],[ 2 19  8  3  7 15],1,2,1,1,0
366,366,8,2,0.09657581167003136,[-1  0  1  2  3  4  5  6  7],[ 2 15  9  2  4  5 13  2  2],4,1,3,0,0
367,367,6,1,0.43536839804087674,[-1  0  1  2  3  4  5],[ 1 19  9  3 16  4  2],3,0,1,2,0
368,368,4,0,0.31234908219362967,[0 1 2 3],[25 19  2  8],1,1,0,1,0
369,369,8,5,0.19064648700165115,[-1  0  1  2  3  4  5  6  7],[ 5  2  9  9  3  5 16  3  2],4,1,2,1,0
370,370,3,3,0.1741946720179276,[-1  0  1  2],[ 3 23 16 12],0,0,1,2,0
371,371,11,5,0.15390645451200732,[-1  0  1  2  3  4  5  6  7  8  9 10],[ 5  2 11  3  4  6  3  2 12  2  2  2],8,1,2,0,0
372,372,9,4,0.14003943728746315,[-1  0  1  2  3  4  5  6  7  8],[ 4  4 11  4  2  8  3 14  2  2],6,1,2,0,0
373,373,7,1,0.10191246167690016,[-1  0  1  2  3  4  5  6],[ 1 10 13  9  3 14  2  2],3,0,4,0,0
374,374,8,5,0.18961957852513572,[-1  0  1  2  3  4  5  6  7],[ 5  3 11  2  4 10  3 14  2],5,0,3,0,0
375,375,6,4,0.34125316371110626,[-1  0  1  2  3  4  5],[ 4 18  8  2 11  5  6],1,3,1,1,0
376,376,7,3,0.17833116817263545,[-1  0  1  2  3  4  5  6],[ 3 16  4 10  2 15  2  2],4,0,2,1,0
377,377,4,0,0.5006308459981064,[0 1 2 3],[13 19 17  5],0,1,0,2,0
378,378,5,1,0.23875124422074614,[-1  0  1  2  3  4],[ 1 18  2 15 15  3],2,0,2,1,0
379,379,5,4,0.19922714198290398,[-1  0  1  2  3  4],[ 4 15 14  4 13  4],2,0,3,0,0
380,380,3,1,0.30645223008292355,[-1  0  1  2],[ 1 17 19 17],0,0,0,3,0
381,381,4,1,-0.08205443914330664,[-1  0  1  2  3],[ 1 29  2 19  3],2,0,0,2,0
382,382,6,3,0.3494488955328387,[-1  0  1  2  3  4  5],[ 3  2  5  8 16  6 14],1,3,1,1,0
383,383,3,1,0.369264149603547,[-1  0  1  2],[ 1 17 19 17],0,0,0,3,0
384,384,3,2,0.4041290657213217,[-1  0  1  2],[ 2 16 19 17],0,0,0,3,0
385,385,3,1,0.20083247289342404,[-1  0  1  2],[ 1 17 19 17],0,0,0,3,0
386,386,3,0,0.5409758523275637,[0 1 2],[18 19 17],0,0,0,2,0
387,387,4,0,0.38658741158702165,[0 1 2 3],[16  2 19 17],1,0,0,2,0
388,388,3,0,0.5650482965492981,[0 1 2],[18 19 17],0,0,0,2,0
389,389,3,0,0.5210971603756985,[0 1 2],[18 19 17],0,0,0,2,0
390,390,3,0,0.337603446380151,[0 1 2],[18 19 17],0,0,0,2,0
391,391,3,0,0.32289826430666946,[0 1 2],[18 19 17],0,0,0,2,0
392,392,4,0,0.11161075815469121,[0 1 2 3],[16  2 19 17],1,0,0,2,0
393,393,3,0,0.3157021913243341,[0 1 2],[18 19 17],0,0,0,2,0
394,394,4,0,0.16246244972575657,[0 1 2 3],[16  2 19 17],1,0,0,2,0
395,395,3,1,-0.014973552897828464,[-1  0  1  2],[ 1 34  2 17],1,0,0,1,1
396,396,3,0,0.07190930887290878,[0 1 2],[33  4 17],1,0,0,1,0
397,397,2,0,0.39240743415463397,[0 1],[37 17],0,0,0,1,0
398,398,2,0,0.42330236852406167,[0 1],[37 17],0,0,0,1,0
399,399,2,0,0.3652323110959532,[0 1],[37 17],0,0,0,1,0
400,400,4,0,0.1967253075980379,[0 1 2 3],[ 4 31 17  2],1,0,0,2,0
401,401,4,1,0.3019805288133612,[-1  0  1  2  3],[ 1  6 14 17 16],0,1,1,2,0
402,402,7,3,-0.0003479821873149249,[-1  0  1  2  3  4  5  6],[ 3  2 10 14  2  4 17  2],4,0,2,1,0
403,403,6,2,0.11161308524072609,[-1  0  1  2  3  4  5],[ 2  4  2 14 14 16  2],3,0,2,1,0
404,404,7,2,0.2949290444559948,[-1  0  1  2  3  4  5  6],[ 2  3 20 13  2  3  9  2],4,0,2,1,0
405,405,5,5,0.3666326570470955,[-1  0  1  2  3  4],[ 5  5 19 13  3  9],1,1,2,1,0
406,406,8,2,0.19101502812838583,[-1  0  1  2  3  4  5  6  7],[ 2  9  7  7  7 12  2  6  2],2,4,2,0,0
407,407,4,7,0.4379980794816405,[-1  0  1  2  3],[ 7  5 19 15  8],0,2,1,1,0
408,408,6,5,0.2973717530229881,[-1  0  1  2  3  4  5],[ 5  5 18 14  2  8  2],2,2,1,1,0
409,409,8,6,0.19733132749124846,[-1  0  1  2  3  4  5  6  7],[ 6 10  5  4 13  2  2 10  2],4,1,3,0,0
410,410,7,4,-0.06324537463926087,[-1  0  1  2  3  4  5  6],[ 4 26  3  5  2  2 10  2],4,1,1,1,0
411,411,12,7,0.16090898299373924,[-1  0  1  2  3  4  5  6  7  8  9 10 11],[ 7 10  2  4  2  2  2 11  5  3  2  2  2],9,1,2,0,0
412,412,8,8,-0.0012066164845987726,[-1  0  1  2  3  4  5  6  7],[ 8 14  3  2  8  3  2 11  3],5,1,2,0,0
413,413,7,11,-0.09496313801825022,[-1  0  1  2  3  4  5  6],[11 14  2  2 11  2  8  4],4,1,2,0,0
414,414,8,8,0.033237585051964,[-1  0  1  2  3  4  5  6  7],[ 8 14  3  6  8  3  2  8  2],4,3,1,0,0
415,415,10,2,0.1953642364881041,[-1  0  1  2  3  4  5  6  7  8  9],[ 2 10  3  5  8  3 14  2  2  3  2],6,2,2,0,0
416,416,5,1,0.16689122035685477,[-1  0  1  2  3  4],[ 1 13  4 19 15  2],2,0,2,1,0
417,417,3,1,0.2708871216692465,[-1  0  1  2],[ 1 18 19 16],0,0,0,3,0
418,418,6,2,0.14515903439947267,[-1  0  1  2  3  4  5],[ 2 15  3 16  2 14  2],3,0,2,1,0
419,419,4,0,0.39278755390084136,[0 1 2 3],[14  4 19 17],1,0,0,2,0
420,420,4,0,0.4362066470690507,[0 1 2 3],[13  5 19 17],0,1,0,2,0
421,421,6,0,0.3205832216392555,[0 1 2 3 4 5],[14  4  2 14  3 17],3,0,1,1,0
422,422,5,1,0.24591827169402125,[-1  0  1  2  3  4],[ 1 13  4 17  2 17],2,0,1,2,0
423,423,4,0,0.13699708472740055,[0 1 2 3],[15  3 19 17],1,0,0,2,0
424,424,3,1,0.092995296825566,[-1  0  1  2],[ 1 18 18 17],0,0,0,3,0
425,425,5,1,-0.033043585373163965,[-1  0  1  2  3  4],[ 1 13  5 18 13  4],1,1,2,1,0
426,426,4,0,0.10812691203910324,[0 1 2 3],[16 19 17  2],1,0,0,2,0
427,427,6,0,0.06636552334981352,[0 1 2 3 4 5],[12  3 15 17  4  3],3,0,1,1,0
428,428,5,1,0.043535730476537964,[-1  0  1  2  3  4],[ 1 17 17  2 14  3],2,0,1,2,0
429,429,3,0,0.31515605454336054,[0 1 2],[18 19 17],0,0,0,2,0
430,430,3,0,0.19967865968835613,[0 1 2],[18 19 17],0,0,0,2,0
431,431,4,1,0.09274383373708464,[-1  0  1  2  3],[ 1 18 19 12  4],1,0,1,2,0
432,432,4,1,0.23370327867635968,[-1  0  1  2  3],[ 1 16 19 16  2],1,0,0,3,0
433,433,3,3,0.2702198469060004,[-1  0  1  2],[ 3 16 19 16],0,0,0,3,0
434,434,4,1,0.07532369357504039,[-1  0  1  2  3],[ 1 17 14 17  5],0,1,1,2,0
435,435,3,2,0.13609185126875337,[-1  0  1  2],[ 2 17 19 16],0,0,0,3,0
436,436,3,3,0.23434357199754705,[-1  0  1  2],[ 3 16 19 16],0,0,0,3,0
437,437,3,2,0.18288302254324323,[-1  0  1  2],[ 2 18 19 15],0,0,1,2,0
438,438,3,1,0.2756246180520931,[-1  0  1  2],[ 1 18 19 16],0,0,0,3,0
439,439,3,2,0.2361612807469119,[-1  0  1  2],[ 2 17 19 16],0,0,0,3,0
440,440,3,1,0.27003159004722843,[-1  0  1  2],[ 1 18 19 16],0,0,0,3,0
441,441,3,1,0.5385728368136509,[-1  0  1  2],[ 1 18 19 16],0,0,0,3,0
442,442,3,1,0.34071974907977054,[-1  0  1  2],[ 1 18 19 16],0,0,0,3,0
443,443,4,2,0.34495365329993594,[-1  0  1  2  3],[ 2 14 19 16  3],1,0,1,2,0
444,444,5,1,0.3461126584782338,[-1  0  1  2  3  4],[ 1 14 17 16  4  2],2,0,1,2,0
445,445,5,1,0.4127561574692343,[-1  0  1  2  3  4],[ 1 14 19 16  2  2],2,0,1,2,0
446,446,3,1,0.5394599163332422,[-1  0  1  2],[ 1 18 19 16],0,0,0,3,0
447,447,3,1,0.30054959429669137,[-1  0  1  2],[ 1 18 19 16],0,0,0,3,0
448,448,3,1,0.32799531665701087,[-1  0  1  2],[ 1 18 19 16],0,0,0,3,0
449,449,4,1,0.19114718576162157,[-1  0  1  2  3],[ 1 16 19 16  2],1,0,0,3,0
450,450,3,1,0.4601066514436919,[-1  0  1  2],[ 1 18 19 16],0,0,0,3,0
451,451,4,1,0.39646006891426344,[-1  0  1  2  3],[ 1 18 19  2 14],1,0,1,2,0
452,452,3,1,0.547687776667548,[-1  0  1  2],[ 1 18 19 16],0,0,0,3,0
453,453,3,2,0.4217006345854478,[-1  0  1  2],[ 2 18 19 15],0,0,1,2,0
454,454,5,3,0.22688900784717614,[-1  0  1  2  3  4],[ 3  8 10 18  2 13],1,1,2,1,0
455,455,5,2,0.12297619520153967,[-1  0  1  2  3  4],[ 2  7  2 19 16  8],1,2,0,2,0
456,456,5,1,0.2196032241351786,[-1  0  1  2  3  4],[ 1  8 10 14 16  5],0,2,2,1,0
457,457,3,1,0.2674741624377277,[-1  0  1  2],[ 1 18 19 16],0,0,0,3,0
458,458,4,1,0.1940206540977776,[-1  0  1  2  3],[ 1 18  7 12 16],0,1,1,2,0
459,459,4,2,0.0880800744314418,[-1  0  1  2  3],[ 2  7 11 19 15],0,1,2,1,0
460,460,3,1,0.16162169310820065,[-1  0  1  2],[ 1 18 19 16],0,0,0,3,0
461,461,3,3,0.10013270643827986,[-1  0  1  2],[ 3 16 19 16],0,0,0,3,0
462,462,3,1,0.18056556605515736,[-1  0  1  2],[ 1 18 18 17],0,0,0,3,0
463,463,3,2,0.3122904183661611,[-1  0  1  2],[ 2 17 19 16],0,0,0,3,0
464,464,3,0,0.32744237136421894,[0 1 2],[18 19 17],0,0,0,2,0
465,465,4,2,0.3571833651822325,[-1  0  1  2  3],[ 2 18  2 16 16],1,0,0,3,0
466,466,3,2,0.2952661826033386,[-1  0  1  2],[ 2 17 19 16],0,0,0,3,0
467,467,5,4,0.23760482226205074,[-1  0  1  2  3  4],[ 4 12  3 15 16  4],2,0,2,1,0
468,468,6,1,0.039850421389125784,[-1  0  1  2  3  4  5],[ 1 11 19  2 13  2  6],2,1,2,1,0
469,469,3,2,0.15124279626568782,[-1  0  1  2],[ 2 16 19 17],0,0,0,3,0
470,470,5,2,-0.03488277837116948,[-1  0  1  2  3  4],[ 2 13 19  2 15  3],2,0,2,1,0
471,471,4,9,0.15024877327487415,[-1  0  1  2  3],[ 9 11 16 15  3],1,0,2,1,0
472,472,2,9,0.1017977427817906,[-1  0  1],[ 9 30 15],0,0,1,1,0
473,473,8,1,0.09945391005338161,[-1  0  1  2  3  4  5  6  7],[ 1  6  8 19  4  8  4  2  2],4,3,0,1,0
474,474,3,8,0.015030644559539619,[-1  0  1  2],[ 8 28 14  4],1,0,1,1,0
475,475,4,5,-0.03761125282604357,[-1  0  1  2  3],[ 5 26 17  2  4],2,0,0,2,0
476,476,7,6,-0.10572950723862734,[-1  0  1  2  3  4  5  6],[ 6 18 14  3  7  2  2  2],4,1,1,1,0
477,477,4,4,0.217167254403333,[-1  0  1  2  3],[ 4 12 19 15  4],1,0,2,1,0
478,478,4,2,0.28292457004999133,[-1  0  1  2  3],[ 2 12 18 17  5],0,1,1,2,0
479,479,4,2,0.3420769719148396,[-1  0  1  2  3],[ 2 15 18 16  3],1,0,1,2,0
480,480,12,7,0.04597077215986176,[-1  0  1  2  3  4  5  6  7  8  9 10 11],[7 3 9 3 9 2 6 3 2 3 2 3 2],9,1,2,0,0
481,481,6,8,0.2071807482070228,[-1  0  1  2  3  4  5],[ 8 20 12  7  2  3  2],3,1,1,1,0
482,482,11,11,-0.011476612538816084,[-1  0  1  2  3  4  5  6  7  8  9 10],[11  2  3  9 12  3  2  2  3  3  2  2],9,0,2,0,0
483,483,4,1,0.22974359978847722,[-1  0  1  2  3],[ 1 18  4 15 16],1,0,1,2,0
484,484,5,7,0.18215824258916852,[-1  0  1  2  3  4],[ 7 14 18  8  3  4],2,1,1,1,0
485,485,4,7,0.06851409910529606,[-1  0  1  2  3],[ 7 31  4 10  2],2,0,1,1,0
486,486,6,3,0.1828514937926896,[-1  0  1  2  3  4  5],[ 3 10 17 12  5  2  5],1,2,2,1,0
487,487,6,12,0.12708717566629923,[-1  0  1  2  3  4  5],[12 10  8  8  6  7  3],1,4,1,0,0
488,488,4,6,0.10773198763155867,[-1  0  1  2  3],[ 6 18 15 13  2],1,0,2,1,0
489,489,8,4,0.0973451294841986,[-1  0  1  2  3  4  5  6  7],[ 4 12 10  8  4  2  9  2  3],4,1,3,0,0
490,490,10,4,0.16393026251342016,[-1  0  1  2  3  4  5  6  7  8  9],[ 4  6  4 10  2  4 11  2  3  6  2],6,2,2,0,0
491,491,11,5,0.19889595376667638,[-1  0  1  2  3  4  5  6  7  8  9 10],[ 5  5  2  6  9  3 10  2  2  2  2  6],6,3,2,0,0
492,492,6,5,0.14024177166485008,[-1  0  1  2  3  4  5],[ 5  8 12 11  5 11  2],1,2,3,0,0
493,493,6,5,0.019095544878557618,[-1  0  1  2  3  4  5],[ 5  8 21  4 11  2  3],3,1,1,1,0
494,494,9,1,0.06289494034053242,[-1  0  1  2  3  4  5  6  7  8],[ 1  5 14  6  6  2  8  4  5  3],3,5,1,0,0
495,495,7,7,0.2580488260707314,[-1  0  1  2  3  4  5  6],[ 7 13  4  8  3 15  2  2],4,1,2,0,0
496,496,10,15,0.1297752340942554,[-1  0  1  2  3  4  5  6  7  8  9],[15  6  4  2  9  2  2  5  4  2  3],7,2,1,0,0
497,497,6,8,0.10788550057202219,[-1  0  1  2  3  4  5],[ 8 18  8  2  2 14  2],3,1,1,1,0
498,498,7,8,0.1735454220167472,[-1  0  1  2  3  4  5  6],[ 8 10 12  3  2 11  5  3],3,1,3,0,0
499,499,10,13,0.07921439931828594,[-1  0  1  2  3  4  5  6  7  8  9],[13  6  2  3  8  2  2 10  2  4  2],7,2,1,0,0
