,frame,k_cluster,outliers,silh_coef,clusters_label,quantidades,,small_clst,intermediate_clst,large_clst,small_mic,micelles
0,0,13,16,-0.07921788459834118,[-1  0  1  2  3  4  5  6  7  8  9 10 11 12],[16  5  2  3  2  2  2  4  3  4  2  2  3  4],0,12,1,0,0,0
1,1,11,14,0.09196518659735252,[-1  0  1  2  3  4  5  6  7  8  9 10],[14  3 15  2  3  4  2  2  2  2  2  3],"0,2",10,0,1,0,0
2,2,13,8,0.07389812002754642,[-1  0  1  2  3  4  5  6  7  8  9 10 11 12],[ 8  2  3 11  2  5  4  4  2  2  2  5  2  2],"0,4",10,2,1,0,0
3,3,11,10,0.006051461621724087,[-1  0  1  2  3  4  5  6  7  8  9 10],[10  2  8  2  2  5  4  6  2  5  2  6],"0,6",6,5,0,0,0
4,4,12,11,0.2088134782023787,[-1  0  1  2  3  4  5  6  7  8  9 10 11],[11  2 12  2  2  5  4  4  2  2  2  3  3],"0,8",10,1,1,0,0
5,5,11,12,0.1928645954898762,[-1  0  1  2  3  4  5  6  7  8  9 10],[12  2 15  2  2  5  3  4  2  2  2  3],1,9,1,1,0,0
6,6,11,10,0.27906911367136655,[-1  0  1  2  3  4  5  6  7  8  9 10],[10  2 13  2  6  2  4  6  2  2  2  3],"1,2",8,2,1,0,0
7,7,13,10,0.412903127352793,[-1  0  1  2  3  4  5  6  7  8  9 10 11 12],[10  3 10  2  6  2  3  4  2  2  2  2  3  3],"1,4",11,1,1,0,0
8,8,11,7,0.30207052314821553,[-1  0  1  2  3  4  5  6  7  8  9 10],[ 7  3 12  2  6  2  4  2  3  6  4  3],"1,6",8,2,1,0,0
9,9,9,7,0.2279367732401271,[-1  0  1  2  3  4  5  6  7  8],[ 7 18  2  6  4  3  2  5  4  3],"1,8",6,2,0,1,0
10,10,12,9,0.40898052210706193,[-1  0  1  2  3  4  5  6  7  8  9 10 11],[ 9  3 12  2  6  2  3  2  5  2  2  3  3],2,9,2,1,0,0
11,11,12,9,0.35835011586886834,[-1  0  1  2  3  4  5  6  7  8  9 10 11],[ 9  3 12  2  6  2  2  3  5  2  2  3  3],"2,2",9,2,1,0,0
12,12,10,9,0.2902665091831854,[-1  0  1  2  3  4  5  6  7  8  9],[ 9  5 12  2  7  2  4  3  5  2  3],"2,4",6,3,1,0,0
13,13,8,6,0.22740875614304643,[-1  0  1  2  3  4  5  6  7],[ 6 17  2 11  3  4  3  5  3],"2,6",5,1,1,1,0
14,14,10,6,0.3147402887120164,[-1  0  1  2  3  4  5  6  7  8  9],[ 6  3 12  2  7  4  4  3  5  5  3],"2,8",6,3,1,0,0
15,15,11,6,0.49280882561063166,[-1  0  1  2  3  4  5  6  7  8  9 10],[ 6  3 12  2  7  2  3  4  3  5  4  3],3,8,2,1,0,0
16,16,9,4,0.5026888677692618,[-1  0  1  2  3  4  5  6  7  8],[ 4  3 12  7  7  3  6  4  5  3],"3,2",4,4,1,0,0
17,17,10,3,0.3838955576033984,[-1  0  1  2  3  4  5  6  7  8  9],[ 3  3 12  7  3  6  4  6  2  5  3],"3,4",5,4,1,0,0
18,18,8,3,0.36853664115126583,[-1  0  1  2  3  4  5  6  7],[ 3  9 12 12  3  6  4  2  3],"3,6",4,1,3,0,0
19,19,9,3,0.3690727483467512,[-1  0  1  2  3  4  5  6  7  8],[ 3  3 12 12  3  6  4  6  2  3],"3,8",5,2,2,0,0
20,20,9,3,0.33733061000623754,[-1  0  1  2  3  4  5  6  7  8],[ 3  3 12 12  3  6  4  6  2  3],4,5,2,2,0,0
21,21,9,3,0.28351476425993216,[-1  0  1  2  3  4  5  6  7  8],[ 3  3 12 12  3  6  4  6  2  3],"4,2",5,2,2,0,0
22,22,10,3,0.36309480865243804,[-1  0  1  2  3  4  5  6  7  8  9],[ 3  3 12  7  3  6  4  6  2  5  3],"4,4",5,4,1,0,0
23,23,10,3,0.4310956771474864,[-1  0  1  2  3  4  5  6  7  8  9],[ 3  3 12  7  3  6  4  6  2  5  3],"4,6",5,4,1,0,0
24,24,10,2,0.4545498997119761,[-1  0  1  2  3  4  5  6  7  8  9],[ 2  3 13  7  3  6  4  6  2  5  3],"4,8",5,4,1,0,0
25,25,10,2,0.3977390707146275,[-1  0  1  2  3  4  5  6  7  8  9],[ 2  3 13  7  3  6  4  6  2  5  3],5,5,4,1,0,0
26,26,10,2,0.4738042837049626,[-1  0  1  2  3  4  5  6  7  8  9],[ 2  3 13  7  3  6  4  6  2  5  3],"5,2",5,4,1,0,0
27,27,10,2,0.43111986592552043,[-1  0  1  2  3  4  5  6  7  8  9],[ 2  3 13  7  3  6  4  6  2  5  3],"5,4",5,4,1,0,0
28,28,10,2,0.42344627346732,[-1  0  1  2  3  4  5  6  7  8  9],[ 2  3 13  7  3  6  4  6  2  5  3],"5,6",5,4,1,0,0
29,29,9,3,0.32778023156625524,[-1  0  1  2  3  4  5  6  7  8],[ 3  3 13  7  3  8  4  6  2  5],"5,8",4,4,1,0,0
30,30,9,1,0.29926218225136736,[-1  0  1  2  3  4  5  6  7  8],[ 1  3 14  7  3  8  5  6  2  5],6,3,5,1,0,0
31,31,9,1,0.39469165709270737,[-1  0  1  2  3  4  5  6  7  8],[ 1  3 14  7  3  9  4  6  2  5],"6,2",4,3,2,0,0
32,32,8,0,0.38416826092240774,[0 1 2 3 4 5 6 7],[ 3 14  8  3  9  4 11  2],"6,4",3,1,3,0,0
33,33,9,5,0.32614832786893344,[-1  0  1  2  3  4  5  6  7  8],[ 5  3 13  7  3  6  4  6  2  5],"6,6",4,4,1,0,0
34,34,7,4,0.32519367936594007,[-1  0  1  2  3  4  5  6],[ 4 16  8  3  6  4 11  2],"6,8",3,2,1,1,0
35,35,9,2,0.25245113453600054,[-1  0  1  2  3  4  5  6  7  8],[ 2  3 13  8  3  7  5  6  2  5],7,3,5,1,0,0
36,36,7,4,0.3025325141205392,[-1  0  1  2  3  4  5  6],[ 4  3 13  7  9  5  6  7],"7,2",1,4,2,0,0
37,37,9,4,0.4514047728268179,[-1  0  1  2  3  4  5  6  7  8],[ 4  3 13  7  3  6  5  6  2  5],"7,4",3,5,1,0,0
38,38,7,3,0.6030312403281223,[-1  0  1  2  3  4  5  6],[ 3  3 13  8  9  5  6  7],"7,6",1,4,2,0,0
39,39,6,5,0.26489151164407215,[-1  0  1  2  3  4  5],[ 5  3 13 14  9  4  6],"7,8",2,1,3,0,0
40,40,7,5,0.47200605576502536,[-1  0  1  2  3  4  5  6],[ 5  3 13  7  9  4  6  7],8,2,3,2,0,0
41,41,7,3,0.3841840482491212,[-1  0  1  2  3  4  5  6],[ 3  3 14  8  9  4  6  7],"8,2",2,3,2,0,0
42,42,6,4,0.26068134294088474,[-1  0  1  2  3  4  5],[ 4  3 14  7 15  4  7],"8,4",2,2,2,0,0
43,43,7,4,0.3171079660963303,[-1  0  1  2  3  4  5  6],[ 4  3 14  7  9  4  6  7],"8,6",2,3,2,0,0
44,44,7,4,0.3895783431238694,[-1  0  1  2  3  4  5  6],[ 4  3 13  8  9  4  6  7],"8,8",2,3,2,0,0
45,45,7,4,0.3511548288140363,[-1  0  1  2  3  4  5  6],[ 4  3 13  8  9  4  6  7],9,2,3,2,0,0
46,46,8,3,0.471715721559269,[-1  0  1  2  3  4  5  6  7],[ 3  3 13  7  9  4  6  7  2],"9,2",3,3,2,0,0
47,47,6,4,0.4114728205150559,[-1  0  1  2  3  4  5],[ 4  3 14  7  9  4 13],"9,4",2,1,3,0,0
48,48,7,3,0.383954494475128,[-1  0  1  2  3  4  5  6],[ 3  3 14  8  9  4  6  7],"9,6",2,3,2,0,0
49,49,7,4,0.37295828616859594,[-1  0  1  2  3  4  5  6],[ 4  3 14  7  9  4  6  7],"9,8",2,3,2,0,0
50,50,6,3,0.2637422520741174,[-1  0  1  2  3  4  5],[ 3  3 14  7 16  4  7],10,2,2,1,1,0
51,51,5,3,0.042282815353755124,[-1  0  1  2  3  4],[ 3  3 14 23  4  7],"10,2",2,1,1,1,0
52,52,7,2,0.11734438381906855,[-1  0  1  2  3  4  5  6],[ 2  3 14  8  9  4  7  7],"10,4",2,3,2,0,0
53,53,6,1,0.20578896397142793,[-1  0  1  2  3  4  5],[ 1  3 14  8 10  4 14],"10,6",2,1,3,0,0
54,54,6,2,0.3177472446911012,[-1  0  1  2  3  4  5],[ 2  3 14  7 10  4 14],"10,8",2,1,3,0,0
55,55,6,3,0.16935754463075237,[-1  0  1  2  3  4  5],[ 3  3 14  7  9  4 14],11,2,1,3,0,0
56,56,6,2,0.15096506484540695,[-1  0  1  2  3  4  5],[ 2  3 14  7 10  4 14],"11,2",2,1,3,0,0
57,57,6,3,0.30378981625054197,[-1  0  1  2  3  4  5],[ 3  3 14  7  9  4 14],"11,4",2,1,3,0,0
58,58,4,3,0.1372584851316739,[-1  0  1  2  3],[ 3  3 30  4 14],"11,6",2,0,1,1,0
59,59,5,3,0.38392615957489196,[-1  0  1  2  3  4],[ 3  3 14 16  4 14],"11,8",2,0,2,1,0
60,60,5,3,0.40355225555119945,[-1  0  1  2  3  4],[ 3  3 14 16  4 14],12,2,0,2,1,0
61,61,5,2,0.19715954253988854,[-1  0  1  2  3  4],[ 2  3 14 17  4 14],"12,2",2,0,2,1,0
62,62,6,2,0.39015853914699333,[-1  0  1  2  3  4  5],[ 2  3 14  7 10  4 14],"12,4",2,1,3,0,0
63,63,5,2,0.46743351455630994,[-1  0  1  2  3  4],[ 2  3 14 17  4 14],"12,6",2,0,2,1,0
64,64,5,2,0.40710719588752126,[-1  0  1  2  3  4],[ 2  3 14 17  4 14],"12,8",2,0,2,1,0
65,65,5,2,0.49464200375994444,[-1  0  1  2  3  4],[ 2  3 14 17  4 14],13,2,0,2,1,0
66,66,5,2,0.45761521889741763,[-1  0  1  2  3  4],[ 2  3 14 17  4 14],"13,2",2,0,2,1,0
67,67,5,1,0.37352159638523236,[-1  0  1  2  3  4],[ 1  4 14 17  4 14],"13,4",2,0,2,1,0
68,68,5,1,0.40329613342863707,[-1  0  1  2  3  4],[ 1  4 14 17  4 14],"13,6",2,0,2,1,0
69,69,4,1,0.4860877840504295,[-1  0  1  2  3],[ 1 18 14 17  4],"13,8",1,0,1,2,0
70,70,4,1,0.48455247479337615,[-1  0  1  2  3],[ 1 18 14 17  4],14,1,0,1,2,0
71,71,5,1,0.32740006670659594,[-1  0  1  2  3  4],[ 1  4 14 17  4 14],"14,2",2,0,2,1,0
72,72,4,1,0.3445219803347338,[-1  0  1  2  3],[ 1 18 14 17  4],"14,4",1,0,1,2,0
73,73,5,1,0.42870358355741695,[-1  0  1  2  3  4],[ 1  4 14 17  4 14],"14,6",2,0,2,1,0
74,74,5,1,0.44169419850650854,[-1  0  1  2  3  4],[ 1  4 14 17  4 14],"14,8",2,0,2,1,0
75,75,5,1,0.48437735973386203,[-1  0  1  2  3  4],[ 1  4 14 17  4 14],15,2,0,2,1,0
76,76,5,1,0.5151708472410451,[-1  0  1  2  3  4],[ 1  4 14 17  4 14],"15,2",2,0,2,1,0
77,77,4,1,0.2160065203463795,[-1  0  1  2  3],[ 1  4 31  4 14],"15,4",2,0,1,1,0
78,78,5,1,0.4975691883367982,[-1  0  1  2  3  4],[ 1  4 14 17  4 14],"15,6",2,0,2,1,0
79,79,5,1,0.42565700628056974,[-1  0  1  2  3  4],[ 1  4 14 17  4 14],"15,8",2,0,2,1,0
80,80,4,1,0.2366122728331217,[-1  0  1  2  3],[ 1  4 14 17 18],16,1,0,1,2,0
81,81,5,1,0.2209282050856381,[-1  0  1  2  3  4],[ 1  4 14 17 16  2],"16,2",2,0,1,2,0
82,82,5,1,0.411421269655133,[-1  0  1  2  3  4],[ 1  4 14 17  4 14],"16,4",2,0,2,1,0
83,83,3,1,0.34949567694908695,[-1  0  1  2],[ 1 22 13 18],"16,6",0,0,1,2,0
84,84,5,1,0.538286257180131,[-1  0  1  2  3  4],[ 1  4 14 17  4 14],"16,8",2,0,2,1,0
85,85,5,1,0.4922783925868805,[-1  0  1  2  3  4],[ 1  4 14 17  4 14],17,2,0,2,1,0
86,86,5,1,0.4907223659783194,[-1  0  1  2  3  4],[ 1  4 14 17  4 14],"17,2",2,0,2,1,0
87,87,5,1,0.5006995538175842,[-1  0  1  2  3  4],[ 1  4 14 17  4 14],"17,4",2,0,2,1,0
88,88,5,1,0.5117694631498962,[-1  0  1  2  3  4],[ 1  4 14 17  4 14],"17,6",2,0,2,1,0
89,89,5,1,0.29114877181705023,[-1  0  1  2  3  4],[ 1  3 14 17  4 15],"17,8",2,0,2,1,0
90,90,4,1,0.441257645428665,[-1  0  1  2  3],[ 1 18 14 17  4],18,1,0,1,2,0
91,91,4,1,0.4439933127350614,[-1  0  1  2  3],[ 1 18 14 17  4],"18,2",1,0,1,2,0
92,92,4,0,0.4111440394464892,[0 1 2 3],[18 14 17  5],"18,4",0,1,1,1,0
93,93,4,0,0.611392226633179,[0 1 2 3],[18 14 17  5],"18,6",0,1,1,1,0
94,94,4,0,0.5956354625343316,[0 1 2 3],[18 14 17  5],"18,8",0,1,1,1,0
95,95,4,0,0.5439991756784056,[0 1 2 3],[18 14 17  5],19,0,1,1,1,0
96,96,4,0,0.5006041076941016,[0 1 2 3],[18 14 17  5],"19,2",0,1,1,1,0
97,97,4,0,0.5980565718044394,[0 1 2 3],[18 14 17  5],"19,4",0,1,1,1,0
98,98,4,0,0.6609245602842745,[0 1 2 3],[18 14 17  5],"19,6",0,1,1,1,0
99,99,4,0,0.6610794217242464,[0 1 2 3],[18 14 17  5],"19,8",0,1,1,1,0
100,100,4,0,0.6789899917604252,[0 1 2 3],[18 14 17  5],20,0,1,1,1,0
101,101,4,0,0.6060639592098455,[0 1 2 3],[18 14 17  5],"20,2",0,1,1,1,0
102,102,4,0,0.644469891909692,[0 1 2 3],[18 14 17  5],"20,4",0,1,1,1,0
103,103,4,0,0.5552872498851129,[0 1 2 3],[18 14 17  5],"20,6",0,1,1,1,0
104,104,4,0,0.589012276984523,[0 1 2 3],[18 14 17  5],"20,8",0,1,1,1,0
105,105,4,0,0.6344033103043135,[0 1 2 3],[18 14 17  5],21,0,1,1,1,0
106,106,4,0,0.6388329838845919,[0 1 2 3],[18 14 17  5],"21,2",0,1,1,1,0
107,107,4,0,0.6310803814319894,[0 1 2 3],[18 14 17  5],"21,4",0,1,1,1,0
108,108,4,0,0.5348418710564661,[0 1 2 3],[18 14 17  5],"21,6",0,1,1,1,0
109,109,4,0,0.6027621992487953,[0 1 2 3],[18 14 17  5],"21,8",0,1,1,1,0
110,110,4,0,0.6515848966361985,[0 1 2 3],[18 14 17  5],22,0,1,1,1,0
111,111,4,0,0.675885344423654,[0 1 2 3],[18 14 17  5],"22,2",0,1,1,1,0
112,112,4,0,0.6662016740430536,[0 1 2 3],[18 14 17  5],"22,4",0,1,1,1,0
113,113,4,0,0.6654701072677894,[0 1 2 3],[18 14 17  5],"22,6",0,1,1,1,0
114,114,4,0,0.6253155638468857,[0 1 2 3],[18 14 17  5],"22,8",0,1,1,1,0
115,115,4,0,0.6322447188986691,[0 1 2 3],[18 14 17  5],23,0,1,1,1,0
116,116,3,0,0.5776464635602871,[0 1 2],[18 31  5],"23,2",0,1,0,1,0
117,117,3,0,0.5524747367664873,[0 1 2],[18 31  5],"23,4",0,1,0,1,0
118,118,4,0,0.48495982639926155,[0 1 2 3],[18 14 17  5],"23,6",0,1,1,1,0
119,119,4,0,0.47411639972429254,[0 1 2 3],[18 14 17  5],"23,8",0,1,1,1,0
120,120,4,0,0.4889959397425222,[0 1 2 3],[18 14 17  5],24,0,1,1,1,0
121,121,4,0,0.3985659805172435,[0 1 2 3],[18 14 17  5],"24,2",0,1,1,1,0
122,122,4,0,0.48156947570449615,[0 1 2 3],[18 14 17  5],"24,4",0,1,1,1,0
123,123,4,0,0.5159872533791027,[0 1 2 3],[18 14 17  5],"24,6",0,1,1,1,0
124,124,4,0,0.40171843012825537,[0 1 2 3],[18 14 17  5],"24,8",0,1,1,1,0
125,125,3,0,0.4013807151371288,[0 1 2],[23 14 17],25,0,0,1,1,0
126,126,4,0,0.32669430344890843,[0 1 2 3],[18 14 17  5],"25,2",0,1,1,1,0
127,127,4,0,0.40164624684718786,[0 1 2 3],[18 14 17  5],"25,4",0,1,1,1,0
128,128,3,0,0.415953210488322,[0 1 2],[18 14 22],"25,6",0,0,1,1,0
129,129,4,0,0.38198473724577536,[0 1 2 3],[18 14 17  5],"25,8",0,1,1,1,0
130,130,4,0,0.45451658645888604,[0 1 2 3],[18 14 17  5],26,0,1,1,1,0
131,131,4,0,0.42108602008307755,[0 1 2 3],[18 14 17  5],"26,2",0,1,1,1,0
132,132,4,0,0.42990602842322223,[0 1 2 3],[18 14 17  5],"26,4",0,1,1,1,0
133,133,4,0,0.4010910698469026,[0 1 2 3],[18 14 17  5],"26,6",0,1,1,1,0
134,134,4,0,0.3692011672100865,[0 1 2 3],[18 14 17  5],"26,8",0,1,1,1,0
135,135,4,0,0.42054312073287076,[0 1 2 3],[18 14 17  5],27,0,1,1,1,0
136,136,4,0,0.4575491791449346,[0 1 2 3],[18 14 17  5],"27,2",0,1,1,1,0
137,137,4,0,0.3311718203392783,[0 1 2 3],[18 14 17  5],"27,4",0,1,1,1,0
138,138,4,0,0.4308439404666694,[0 1 2 3],[18 14 17  5],"27,6",0,1,1,1,0
139,139,4,0,0.4325410190628144,[0 1 2 3],[18 14 17  5],"27,8",0,1,1,1,0
140,140,4,0,0.40197093059672184,[0 1 2 3],[18 14 17  5],28,0,1,1,1,0
141,141,4,0,0.4446443304662885,[0 1 2 3],[18 14 17  5],"28,2",0,1,1,1,0
142,142,4,0,0.36200500980662914,[0 1 2 3],[18 14 17  5],"28,4",0,1,1,1,0
143,143,4,0,0.3274138138459105,[0 1 2 3],[18 14 17  5],"28,6",0,1,1,1,0
144,144,4,0,0.35431364286742567,[0 1 2 3],[18 14 17  5],"28,8",0,1,1,1,0
145,145,4,0,0.3073859147635578,[0 1 2 3],[18 14 17  5],29,0,1,1,1,0
146,146,4,0,0.4327223686958643,[0 1 2 3],[18 14 17  5],"29,2",0,1,1,1,0
147,147,4,0,0.5709043473594567,[0 1 2 3],[18 14 17  5],"29,4",0,1,1,1,0
148,148,4,0,0.4739728419344791,[0 1 2 3],[18 14 17  5],"29,6",0,1,1,1,0
149,149,4,0,0.5686350183151714,[0 1 2 3],[18 14 17  5],"29,8",0,1,1,1,0
150,150,4,0,0.30544998863267053,[0 1 2 3],[18 14 17  5],30,0,1,1,1,0
151,151,3,0,0.22703794248608344,[0 1 2],[18 31  5],"30,2",0,1,0,1,0
152,152,3,0,0.1691907816957313,[0 1 2],[18 31  5],"30,4",0,1,0,1,0
153,153,4,0,0.2603124572498422,[0 1 2 3],[18 14 17  5],"30,6",0,1,1,1,0
154,154,4,0,0.26876080703674626,[0 1 2 3],[18 14 17  5],"30,8",0,1,1,1,0
155,155,4,0,0.5338766540617668,[0 1 2 3],[18 14 17  5],31,0,1,1,1,0
156,156,4,0,0.395365245000779,[0 1 2 3],[18 14 17  5],"31,2",0,1,1,1,0
157,157,4,0,0.440277897204168,[0 1 2 3],[18 14 17  5],"31,4",0,1,1,1,0
158,158,4,0,0.4405499648884954,[0 1 2 3],[18 14 17  5],"31,6",0,1,1,1,0
159,159,4,0,0.3618329813884703,[0 1 2 3],[18 14 17  5],"31,8",0,1,1,1,0
160,160,4,0,0.39365611703124115,[0 1 2 3],[18 14 17  5],32,0,1,1,1,0
161,161,4,0,0.3664451922398804,[0 1 2 3],[18 14 17  5],"32,2",0,1,1,1,0
162,162,3,0,0.15123630085234457,[0 1 2],[18 31  5],"32,4",0,1,0,1,0
163,163,4,0,0.33340317598029656,[0 1 2 3],[18 14 17  5],"32,6",0,1,1,1,0
164,164,4,0,0.3032248255540607,[0 1 2 3],[18 14 17  5],"32,8",0,1,1,1,0
165,165,4,0,0.4067456808334556,[0 1 2 3],[18 14 17  5],33,0,1,1,1,0
166,166,4,0,0.4581223619440329,[0 1 2 3],[18 14 17  5],"33,2",0,1,1,1,0
167,167,4,0,0.38223602318906813,[0 1 2 3],[18 14 17  5],"33,4",0,1,1,1,0
168,168,4,0,0.4423964425575633,[0 1 2 3],[18 14 17  5],"33,6",0,1,1,1,0
169,169,4,0,0.3977744345805521,[0 1 2 3],[18 14 17  5],"33,8",0,1,1,1,0
170,170,4,0,0.28645931465513064,[0 1 2 3],[18 14 17  5],34,0,1,1,1,0
171,171,4,0,0.25826300478149317,[0 1 2 3],[18 14 17  5],"34,2",0,1,1,1,0
172,172,3,0,0.11227488225512869,[0 1 2],[18 31  5],"34,4",0,1,0,1,0
173,173,4,0,0.2643715731187065,[0 1 2 3],[18 14 17  5],"34,6",0,1,1,1,0
174,174,4,0,0.25666660122234136,[0 1 2 3],[18 14 17  5],"34,8",0,1,1,1,0
175,175,4,0,0.2748770231814161,[0 1 2 3],[18 14 17  5],35,0,1,1,1,0
176,176,4,0,0.3202978490714046,[0 1 2 3],[18 14 17  5],"35,2",0,1,1,1,0
177,177,4,0,0.5028776249472939,[0 1 2 3],[18 14 17  5],"35,4",0,1,1,1,0
178,178,4,0,0.3739136620951058,[0 1 2 3],[18 14 17  5],"35,6",0,1,1,1,0
179,179,4,0,0.4116788072135383,[0 1 2 3],[18 14 17  5],"35,8",0,1,1,1,0
180,180,3,0,0.28868858957621363,[0 1 2],[23 14 17],36,0,0,1,1,0
181,181,4,0,0.43103719334480317,[0 1 2 3],[18 14 17  5],"36,2",0,1,1,1,0
182,182,3,0,0.2746845246526763,[0 1 2],[23 14 17],"36,4",0,0,1,1,0
183,183,2,0,0.1544061187120398,[0 1],[37 17],"36,6",0,0,0,1,0
184,184,3,0,0.2901928067363749,[0 1 2],[18 19 17],"36,8",0,0,0,2,0
185,185,3,0,0.22421732081928297,[0 1 2],[18 19 17],37,0,0,0,2,0
186,186,3,0,0.5008311422342872,[0 1 2],[18 19 17],"37,2",0,0,0,2,0
187,187,3,0,0.26695090763057044,[0 1 2],[18 19 17],"37,4",0,0,0,2,0
188,188,3,0,0.29978184332501706,[0 1 2],[18 19 17],"37,6",0,0,0,2,0
189,189,2,0,0.17031407681045913,[0 1],[18 36],"37,8",0,0,0,0,1
190,190,2,0,0.16642810516669448,[0 1],[18 36],38,0,0,0,0,1
191,191,3,0,0.3731280719680617,[0 1 2],[18 19 17],"38,2",0,0,0,2,0
192,192,3,0,0.3129943831661586,[0 1 2],[18 19 17],"38,4",0,0,0,2,0
193,193,3,0,0.38106766961763483,[0 1 2],[18 19 17],"38,6",0,0,0,2,0
194,194,3,0,0.3516218905834527,[0 1 2],[18 19 17],"38,8",0,0,0,2,0
195,195,3,0,0.3805506502009625,[0 1 2],[18 19 17],39,0,0,0,2,0
196,196,3,0,0.41479280537151153,[0 1 2],[18 19 17],"39,2",0,0,0,2,0
197,197,2,0,0.202611229401656,[0 1],[18 36],"39,4",0,0,0,0,1
198,198,3,0,0.4327243328961014,[0 1 2],[18 19 17],"39,6",0,0,0,2,0
199,199,3,0,0.45545387690927736,[0 1 2],[18 19 17],"39,8",0,0,0,2,0
200,200,3,0,0.409111407773149,[0 1 2],[18 19 17],40,0,0,0,2,0
201,201,2,0,0.22163673550576235,[0 1],[37 17],"40,2",0,0,0,1,0
202,202,2,0,0.25596519249751787,[0 1],[37 17],"40,4",0,0,0,1,0
203,203,2,0,0.32224876304898137,[0 1],[37 17],"40,6",0,0,0,1,0
204,204,2,0,0.24548728810216283,[0 1],[37 17],"40,8",0,0,0,1,0
205,205,3,0,0.45031575013104513,[0 1 2],[18 19 17],41,0,0,0,2,0
206,206,2,1,0.02967360288626819,[-1  0  1],[ 1 37 16],"41,2",0,0,0,1,1
207,207,2,1,0.059466921733957484,[-1  0  1],[ 1 37 16],"41,4",0,0,0,1,1
208,208,2,1,0.10248391534850514,[-1  0  1],[ 1 37 16],"41,6",0,0,0,1,1
209,209,3,0,0.6624739072893535,[0 1 2],[18 19 17],"41,8",0,0,0,2,0
210,210,3,0,0.6199627280081977,[0 1 2],[18 19 17],42,0,0,0,2,0
211,211,3,0,0.6364946846208638,[0 1 2],[18 19 17],"42,2",0,0,0,2,0
212,212,3,0,0.6312374148711959,[0 1 2],[18 19 17],"42,4",0,0,0,2,0
213,213,3,0,0.5097018659543027,[0 1 2],[18 19 17],"42,6",0,0,0,2,0
214,214,3,0,0.45702491097363035,[0 1 2],[18 19 17],"42,8",0,0,0,2,0
215,215,3,0,0.6705971044677425,[0 1 2],[18 19 17],43,0,0,0,2,0
216,216,3,0,0.6585444216773638,[0 1 2],[18 19 17],"43,2",0,0,0,2,0
217,217,3,0,0.6542980931518868,[0 1 2],[18 19 17],"43,4",0,0,0,2,0
218,218,2,0,0.34941024770987794,[0 1],[18 36],"43,6",0,0,0,0,1
219,219,3,0,0.6648483543367703,[0 1 2],[18 19 17],"43,8",0,0,0,2,0
220,220,3,0,0.6557029942685672,[0 1 2],[18 19 17],44,0,0,0,2,0
221,221,2,0,0.323518377355501,[0 1],[18 36],"44,2",0,0,0,0,1
222,222,3,0,0.6561142483733353,[0 1 2],[18 19 17],"44,4",0,0,0,2,0
223,223,3,0,0.6479172683373603,[0 1 2],[18 19 17],"44,6",0,0,0,2,0
224,224,2,0,0.3273271874369192,[0 1],[18 36],"44,8",0,0,0,0,1
225,225,3,0,0.6219358645513786,[0 1 2],[18 19 17],45,0,0,0,2,0
226,226,3,0,0.6128272718073852,[0 1 2],[18 19 17],"45,2",0,0,0,2,0
227,227,3,0,0.6001491817311325,[0 1 2],[18 19 17],"45,4",0,0,0,2,0
228,228,2,0,0.24559978739904548,[0 1],[18 36],"45,6",0,0,0,0,1
229,229,3,0,0.5434597662754705,[0 1 2],[18 19 17],"45,8",0,0,0,2,0
230,230,2,0,0.28152967684561,[0 1],[18 36],46,0,0,0,0,1
231,231,2,0,0.26185822335929826,[0 1],[18 36],"46,2",0,0,0,0,1
232,232,2,0,0.266275863366839,[0 1],[18 36],"46,4",0,0,0,0,1
233,233,2,0,0.3281701740234511,[0 1],[18 36],"46,6",0,0,0,0,1
234,234,2,0,0.29960923961850305,[0 1],[18 36],"46,8",0,0,0,0,1
235,235,3,0,0.6343763118234326,[0 1 2],[18 19 17],47,0,0,0,2,0
236,236,3,0,0.6277119575299414,[0 1 2],[18 19 17],"47,2",0,0,0,2,0
237,237,3,0,0.6221750129211642,[0 1 2],[18 19 17],"47,4",0,0,0,2,0
238,238,2,0,0.3406530271699953,[0 1],[18 36],"47,6",0,0,0,0,1
239,239,2,0,0.32289408781746115,[0 1],[18 36],"47,8",0,0,0,0,1
240,240,3,0,0.6032112119677302,[0 1 2],[18 19 17],48,0,0,0,2,0
241,241,2,0,0.5188853066057367,[0 1],[37 17],"48,2",0,0,0,1,0
242,242,3,0,0.6018502895661269,[0 1 2],[18 19 17],"48,4",0,0,0,2,0
243,243,3,0,0.6213772674622823,[0 1 2],[18 19 17],"48,6",0,0,0,2,0
244,244,3,0,0.6013223287906592,[0 1 2],[18 19 17],"48,8",0,0,0,2,0
245,245,3,0,0.5621052077176243,[0 1 2],[18 19 17],49,0,0,0,2,0
246,246,2,0,0.24053786492603674,[0 1],[18 36],"49,2",0,0,0,0,1
247,247,3,0,0.5447573104288558,[0 1 2],[18 19 17],"49,4",0,0,0,2,0
248,248,3,0,0.5530508448246678,[0 1 2],[18 19 17],"49,6",0,0,0,2,0
249,249,3,0,0.5622607396340459,[0 1 2],[18 19 17],"49,8",0,0,0,2,0
250,250,3,0,0.6048900866776908,[0 1 2],[18 19 17],50,0,0,0,2,0
251,251,3,0,0.6144509944184021,[0 1 2],[18 19 17],"50,2",0,0,0,2,0
252,252,2,0,0.2863556408396501,[0 1],[18 36],"50,4",0,0,0,0,1
253,253,3,0,0.5998326285425771,[0 1 2],[18 19 17],"50,6",0,0,0,2,0
254,254,2,0,0.2880816360126774,[0 1],[18 36],"50,8",0,0,0,0,1
255,255,2,0,0.2911376224830679,[0 1],[18 36],51,0,0,0,0,1
256,256,2,0,0.3161246926946509,[0 1],[18 36],"51,2",0,0,0,0,1
257,257,3,0,0.6046936057767349,[0 1 2],[18 19 17],"51,4",0,0,0,2,0
258,258,3,0,0.6212197162609951,[0 1 2],[18 19 17],"51,6",0,0,0,2,0
259,259,3,1,0.5626739551089753,[-1  0  1  2],[ 1 17 19 17],"51,8",0,0,0,3,0
260,260,3,0,0.6443010493951099,[0 1 2],[18 19 17],52,0,0,0,2,0
261,261,3,0,0.6441311053543228,[0 1 2],[18 19 17],"52,2",0,0,0,2,0
262,262,3,0,0.6578783882705762,[0 1 2],[18 19 17],"52,4",0,0,0,2,0
263,263,3,0,0.586996751913223,[0 1 2],[18 19 17],"52,6",0,0,0,2,0
264,264,3,0,0.4469641660946126,[0 1 2],[18 19 17],"52,8",0,0,0,2,0
265,265,3,0,0.4480568980347557,[0 1 2],[18 19 17],53,0,0,0,2,0
266,266,3,0,0.4360858314908953,[0 1 2],[18 19 17],"53,2",0,0,0,2,0
267,267,3,0,0.47455490367510095,[0 1 2],[18 19 17],"53,4",0,0,0,2,0
268,268,3,0,0.44092091060970745,[0 1 2],[18 19 17],"53,6",0,0,0,2,0
269,269,3,0,0.5022349561577216,[0 1 2],[18 19 17],"53,8",0,0,0,2,0
270,270,3,0,0.5172537605364662,[0 1 2],[18 19 17],54,0,0,0,2,0
271,271,3,0,0.5224114445819841,[0 1 2],[18 19 17],"54,2",0,0,0,2,0
272,272,3,0,0.5598563176790157,[0 1 2],[18 19 17],"54,4",0,0,0,2,0
273,273,3,0,0.5962698052429,[0 1 2],[18 19 17],"54,6",0,0,0,2,0
274,274,3,0,0.5664070205757178,[0 1 2],[18 19 17],"54,8",0,0,0,2,0
275,275,3,0,0.5547036065595883,[0 1 2],[18 19 17],55,0,0,0,2,0
276,276,3,0,0.5795662261909007,[0 1 2],[18 19 17],"55,2",0,0,0,2,0
277,277,3,0,0.4127203670345895,[0 1 2],[18 19 17],"55,4",0,0,0,2,0
278,278,3,0,0.4110302999548267,[0 1 2],[18 19 17],"55,6",0,0,0,2,0
279,279,3,0,0.4880475002224567,[0 1 2],[18 19 17],"55,8",0,0,0,2,0
280,280,3,0,0.4134925679567506,[0 1 2],[18 19 17],56,0,0,0,2,0
281,281,3,0,0.45409216384215,[0 1 2],[18 19 17],"56,2",0,0,0,2,0
282,282,3,0,0.45860379734036405,[0 1 2],[18 19 17],"56,4",0,0,0,2,0
283,283,3,0,0.40620347686365577,[0 1 2],[18 19 17],"56,6",0,0,0,2,0
284,284,3,0,0.41746125566214176,[0 1 2],[18 19 17],"56,8",0,0,0,2,0
285,285,3,0,0.4187264793047206,[0 1 2],[18 19 17],57,0,0,0,2,0
286,286,3,0,0.49117150297222345,[0 1 2],[18 19 17],"57,2",0,0,0,2,0
287,287,3,0,0.5228448112303546,[0 1 2],[18 19 17],"57,4",0,0,0,2,0
288,288,3,0,0.48343331490618474,[0 1 2],[18 19 17],"57,6",0,0,0,2,0
289,289,2,0,0.192906908225688,[0 1],[18 36],"57,8",0,0,0,0,1
290,290,2,0,0.42336609031612,[0 1],[18 36],58,0,0,0,0,1
291,291,4,0,0.5687319469366368,[0 1 2 3],[13 19 17  5],"58,2",0,1,0,2,0
292,292,3,0,0.647498011912794,[0 1 2],[18 19 17],"58,4",0,0,0,2,0
293,293,3,0,0.5864400377287111,[0 1 2],[18 19 17],"58,6",0,0,0,2,0
294,294,3,0,0.5522738356868444,[0 1 2],[18 19 17],"58,8",0,0,0,2,0
295,295,3,0,0.6065767804396892,[0 1 2],[18 19 17],59,0,0,0,2,0
296,296,3,0,0.5775957761291645,[0 1 2],[18 19 17],"59,2",0,0,0,2,0
297,297,3,0,0.6057276653003748,[0 1 2],[18 19 17],"59,4",0,0,0,2,0
298,298,3,1,0.4606245016874847,[-1  0  1  2],[ 1 17 19 17],"59,6",0,0,0,3,0
299,299,3,0,0.5817567638803687,[0 1 2],[18 19 17],"59,8",0,0,0,2,0
300,300,3,0,0.6083541140387034,[0 1 2],[18 19 17],60,0,0,0,2,0
301,301,3,0,0.5948818583863678,[0 1 2],[18 19 17],"60,2",0,0,0,2,0
302,302,3,1,0.4531942264759539,[-1  0  1  2],[ 1 18 18 17],"60,4",0,0,0,3,0
303,303,3,0,0.5786656643540288,[0 1 2],[18 19 17],"60,6",0,0,0,2,0
304,304,3,0,0.59131053210687,[0 1 2],[18 19 17],"60,8",0,0,0,2,0
305,305,3,0,0.5951720399266236,[0 1 2],[18 19 17],61,0,0,0,2,0
306,306,3,0,0.6022442229186148,[0 1 2],[18 19 17],"61,2",0,0,0,2,0
307,307,3,0,0.6258524629032574,[0 1 2],[18 19 17],"61,4",0,0,0,2,0
308,308,3,0,0.6250317982180336,[0 1 2],[18 19 17],"61,6",0,0,0,2,0
309,309,3,0,0.6217365297743869,[0 1 2],[18 19 17],"61,8",0,0,0,2,0
310,310,3,0,0.6072591427015122,[0 1 2],[18 19 17],62,0,0,0,2,0
311,311,3,0,0.6270916354994454,[0 1 2],[18 19 17],"62,2",0,0,0,2,0
312,312,3,0,0.6229527785678817,[0 1 2],[18 19 17],"62,4",0,0,0,2,0
313,313,3,0,0.6413200004221419,[0 1 2],[18 19 17],"62,6",0,0,0,2,0
314,314,3,0,0.6024625411603068,[0 1 2],[18 19 17],"62,8",0,0,0,2,0
315,315,3,0,0.6079746257480407,[0 1 2],[18 19 17],63,0,0,0,2,0
316,316,3,0,0.604955433419085,[0 1 2],[18 19 17],"63,2",0,0,0,2,0
317,317,3,0,0.608267747129918,[0 1 2],[18 19 17],"63,4",0,0,0,2,0
318,318,3,0,0.6198276866502136,[0 1 2],[18 19 17],"63,6",0,0,0,2,0
319,319,3,0,0.6251373869896951,[0 1 2],[18 19 17],"63,8",0,0,0,2,0
320,320,3,0,0.6243007934429144,[0 1 2],[18 19 17],64,0,0,0,2,0
321,321,3,0,0.5771688149017383,[0 1 2],[18 19 17],"64,2",0,0,0,2,0
322,322,3,1,0.3718913902363487,[-1  0  1  2],[ 1 17 19 17],"64,4",0,0,0,3,0
323,323,3,0,0.609482185382153,[0 1 2],[18 19 17],"64,6",0,0,0,2,0
324,324,2,1,0.15391822074557387,[-1  0  1],[ 1 18 35],"64,8",0,0,0,1,1
325,325,4,0,0.48347494996661017,[0 1 2 3],[18 19 13  4],65,1,0,1,1,0
326,326,3,0,0.6299175919809334,[0 1 2],[18 19 17],"65,2",0,0,0,2,0
327,327,3,0,0.6200264040696921,[0 1 2],[18 19 17],"65,4",0,0,0,2,0
328,328,3,0,0.6091103596718977,[0 1 2],[18 19 17],"65,6",0,0,0,2,0
329,329,4,0,0.4812951537676813,[0 1 2 3],[18 19 15  2],"65,8",1,0,1,1,0
330,330,4,0,0.5047712917354057,[0 1 2 3],[18 19 15  2],66,1,0,1,1,0
331,331,3,0,0.6469940330724429,[0 1 2],[18 19 17],"66,2",0,0,0,2,0
332,332,3,0,0.657896877996974,[0 1 2],[18 19 17],"66,4",0,0,0,2,0
333,333,3,0,0.664018007097509,[0 1 2],[18 19 17],"66,6",0,0,0,2,0
334,334,3,0,0.6648194328147803,[0 1 2],[18 19 17],"66,8",0,0,0,2,0
335,335,3,0,0.650455650107537,[0 1 2],[18 19 17],67,0,0,0,2,0
336,336,3,0,0.6390669996561892,[0 1 2],[18 19 17],"67,2",0,0,0,2,0
337,337,3,1,0.4472930080137072,[-1  0  1  2],[ 1 18 19 16],"67,4",0,0,0,3,0
338,338,3,1,0.4098030442184882,[-1  0  1  2],[ 1 18 19 16],"67,6",0,0,0,3,0
339,339,3,0,0.5883534420730134,[0 1 2],[18 19 17],"67,8",0,0,0,2,0
340,340,3,0,0.5923761773976333,[0 1 2],[18 19 17],68,0,0,0,2,0
341,341,3,0,0.597337504622132,[0 1 2],[18 19 17],"68,2",0,0,0,2,0
342,342,2,0,0.5096124476491478,[0 1],[35 19],"68,4",0,0,0,1,0
343,343,2,0,0.5262094412576189,[0 1],[35 19],"68,6",0,0,0,1,0
344,344,2,0,0.5760240428413566,[0 1],[35 19],"68,8",0,0,0,1,0
345,345,3,0,0.6237014474608307,[0 1 2],[18 19 17],69,0,0,0,2,0
346,346,3,0,0.5924212834917976,[0 1 2],[18 19 17],"69,2",0,0,0,2,0
347,347,2,1,0.2433841083281673,[-1  0  1],[ 1 35 18],"69,4",0,0,0,1,1
348,348,3,0,0.648756825159874,[0 1 2],[18 19 17],"69,6",0,0,0,2,0
349,349,2,0,0.4647496438951777,[0 1],[35 19],"69,8",0,0,0,1,0
350,350,2,1,0.14655311240686475,[-1  0  1],[ 1 34 19],70,0,0,0,1,1
351,351,3,1,0.002043374616097166,[-1  0  1  2],[ 1 34  7 12],"70,2",0,1,1,0,1
352,352,3,3,0.47681322911512386,[-1  0  1  2],[ 3 18 17 16],"70,4",0,0,0,3,0
353,353,3,1,0.3863646170348254,[-1  0  1  2],[ 1 18 19 16],"70,6",0,0,0,3,0
354,354,5,2,-0.07060008310606866,[-1  0  1  2  3  4],[ 2  2  2 16 29  3],"70,8",3,0,0,2,0
355,355,2,1,0.30072159499474227,[-1  0  1],[ 1 34 19],71,0,0,0,1,1
356,356,4,1,0.42583899932110464,[-1  0  1  2  3],[ 1 18 19 12  4],"71,2",1,0,1,2,0
357,357,4,0,0.47112052073559235,[0 1 2 3],[18 19 13  4],"71,4",1,0,1,1,0
358,358,3,0,0.5600208093323299,[0 1 2],[18 19 17],"71,6",0,0,0,2,0
359,359,2,0,0.6023175222524436,[0 1],[35 19],"71,8",0,0,0,1,0
360,360,4,0,0.45843329054293713,[0 1 2 3],[18 19 13  4],72,1,0,1,1,0
361,361,4,1,0.2166244503054794,[-1  0  1  2  3],[ 1 18 13  6 16],"72,2",0,1,1,2,0
362,362,5,0,0.4208980013104179,[0 1 2 3 4],[18 10  9 13  4],"72,4",1,0,3,0,0
363,363,3,0,0.5517038296487162,[0 1 2],[18 19 17],"72,6",0,0,0,2,0
364,364,4,1,0.32672878996992194,[-1  0  1  2  3],[ 1  3 19 16 15],"72,8",1,0,1,2,0
365,365,3,0,0.5398440973299189,[0 1 2],[18 19 17],73,0,0,0,2,0
366,366,3,0,0.5555486276406983,[0 1 2],[20 19 15],"73,2",0,0,1,1,0
367,367,3,0,0.5711219263576256,[0 1 2],[18 19 17],"73,4",0,0,0,2,0
368,368,3,0,0.6074373358361944,[0 1 2],[18 19 17],"73,6",0,0,0,2,0
369,369,3,0,0.25170001952119814,[0 1 2],[37 13  4],"73,8",1,0,1,0,0
370,370,3,0,0.5850967121671486,[0 1 2],[18 19 17],74,0,0,0,2,0
371,371,2,0,0.5081499934511651,[0 1],[35 19],"74,2",0,0,0,1,0
372,372,2,2,0.22501688813423534,[-1  0  1],[ 2 35 17],"74,4",0,0,0,1,1
373,373,2,0,0.5272649178703419,[0 1],[35 19],"74,6",0,0,0,1,0
374,374,3,0,0.6591752878265562,[0 1 2],[18 19 17],"74,8",0,0,0,2,0
375,375,3,0,0.6510014429724228,[0 1 2],[18 19 17],75,0,0,0,2,0
376,376,3,0,0.6569489649270686,[0 1 2],[18 19 17],"75,2",0,0,0,2,0
377,377,3,0,0.625026579984363,[0 1 2],[18 19 17],"75,4",0,0,0,2,0
378,378,3,0,0.5750738724681211,[0 1 2],[18 19 17],"75,6",0,0,0,2,0
379,379,4,0,0.3262179487505715,[0 1 2 3],[16  2 19 17],"75,8",1,0,0,2,0
380,380,3,0,0.5109055539747859,[0 1 2],[18 19 17],76,0,0,0,2,0
381,381,2,0,0.4213011278731301,[0 1],[35 19],"76,2",0,0,0,1,0
382,382,3,0,0.6649803841193367,[0 1 2],[18 19 17],"76,4",0,0,0,2,0
383,383,3,0,0.5522665203824132,[0 1 2],[18 19 17],"76,6",0,0,0,2,0
384,384,3,0,0.5226603274371231,[0 1 2],[18 19 17],"76,8",0,0,0,2,0
385,385,3,0,0.4593269765659735,[0 1 2],[18 19 17],77,0,0,0,2,0
386,386,3,0,0.5439977238813112,[0 1 2],[18 19 17],"77,2",0,0,0,2,0
387,387,3,0,0.5430250777009297,[0 1 2],[18 19 17],"77,4",0,0,0,2,0
388,388,3,0,0.5745055949373595,[0 1 2],[18 19 17],"77,6",0,0,0,2,0
389,389,3,0,0.5375522687873882,[0 1 2],[18 19 17],"77,8",0,0,0,2,0
390,390,3,0,0.32858354826708935,[0 1 2],[18 19 17],78,0,0,0,2,0
391,391,3,0,0.3177232402583098,[0 1 2],[18 19 17],"78,2",0,0,0,2,0
392,392,3,0,0.2985524209166077,[0 1 2],[18 19 17],"78,4",0,0,0,2,0
393,393,3,0,0.31078978809826635,[0 1 2],[18 19 17],"78,6",0,0,0,2,0
394,394,3,0,0.3500307675654883,[0 1 2],[18 19 17],"78,8",0,0,0,2,0
395,395,2,0,0.3104401125883391,[0 1],[37 17],79,0,0,0,1,0
396,396,2,0,0.29394797055152766,[0 1],[37 17],"79,2",0,0,0,1,0
397,397,2,0,0.35310930440842575,[0 1],[37 17],"79,4",0,0,0,1,0
398,398,2,0,0.3885753891329072,[0 1],[37 17],"79,6",0,0,0,1,0
399,399,2,0,0.3125236425308134,[0 1],[37 17],"79,8",0,0,0,1,0
400,400,2,0,0.41573892619578845,[0 1],[37 17],80,0,0,0,1,0
401,401,2,0,0.5461342918839767,[0 1],[37 17],"80,2",0,0,0,1,0
402,402,2,0,0.511153151211822,[0 1],[37 17],"80,4",0,0,0,1,0
403,403,2,0,0.4907458929050219,[0 1],[37 17],"80,6",0,0,0,1,0
404,404,2,0,0.45015093681863,[0 1],[37 17],"80,8",0,0,0,1,0
405,405,3,0,0.6614833483260871,[0 1 2],[18 19 17],81,0,0,0,2,0
406,406,3,0,0.6558502939646225,[0 1 2],[18 19 17],"81,2",0,0,0,2,0
407,407,3,1,0.4408494013138841,[-1  0  1  2],[ 1 17 19 17],"81,4",0,0,0,3,0
408,408,3,0,0.6371469631108242,[0 1 2],[18 19 17],"81,6",0,0,0,2,0
409,409,3,0,0.6330997011398531,[0 1 2],[18 19 17],"81,8",0,0,0,2,0
410,410,2,0,0.5119429692790978,[0 1],[37 17],82,0,0,0,1,0
411,411,3,0,0.5941913041130193,[0 1 2],[18 19 17],"82,2",0,0,0,2,0
412,412,2,0,0.4807683627436812,[0 1],[37 17],"82,4",0,0,0,1,0
413,413,3,0,0.6245321540142738,[0 1 2],[18 19 17],"82,6",0,0,0,2,0
414,414,3,0,0.6316082762843552,[0 1 2],[18 19 17],"82,8",0,0,0,2,0
415,415,2,0,0.4363085264985483,[0 1],[37 17],83,0,0,0,1,0
416,416,3,0,0.529146735818395,[0 1 2],[18 19 17],"83,2",0,0,0,2,0
417,417,3,0,0.527407765174004,[0 1 2],[18 19 17],"83,4",0,0,0,2,0
418,418,3,0,0.528033834238052,[0 1 2],[18 19 17],"83,6",0,0,0,2,0
419,419,3,0,0.5015990909249085,[0 1 2],[18 19 17],"83,8",0,0,0,2,0
420,420,3,0,0.5460977440118912,[0 1 2],[18 19 17],84,0,0,0,2,0
421,421,3,0,0.5571443669413227,[0 1 2],[18 19 17],"84,2",0,0,0,2,0
422,422,3,0,0.4213511262676643,[0 1 2],[18 19 17],"84,4",0,0,0,2,0
423,423,3,0,0.34270445178889664,[0 1 2],[18 19 17],"84,6",0,0,0,2,0
424,424,3,0,0.2211276153792534,[0 1 2],[18 19 17],"84,8",0,0,0,2,0
425,425,3,0,0.23869667638951947,[0 1 2],[18 19 17],85,0,0,0,2,0
426,426,3,0,0.33170146047485205,[0 1 2],[18 19 17],"85,2",0,0,0,2,0
427,427,3,0,0.25091679837156594,[0 1 2],[18 19 17],"85,4",0,0,0,2,0
428,428,3,0,0.43920128874831094,[0 1 2],[18 19 17],"85,6",0,0,0,2,0
429,429,3,0,0.34014464108371834,[0 1 2],[18 19 17],"85,8",0,0,0,2,0
430,430,3,0,0.22458773642463525,[0 1 2],[18 19 17],86,0,0,0,2,0
431,431,3,0,0.2148266366629841,[0 1 2],[18 19 17],"86,2",0,0,0,2,0
432,432,3,0,0.4783997575583338,[0 1 2],[18 19 17],"86,4",0,0,0,2,0
433,433,3,0,0.378488867072057,[0 1 2],[18 19 17],"86,6",0,0,0,2,0
434,434,3,0,0.3700317100306179,[0 1 2],[18 19 17],"86,8",0,0,0,2,0
435,435,3,0,0.22236619947793113,[0 1 2],[18 19 17],87,0,0,0,2,0
436,436,3,1,0.3017067217479635,[-1  0  1  2],[ 1 18 19 16],"87,2",0,0,0,3,0
437,437,3,1,0.20509545921944242,[-1  0  1  2],[ 1 18 19 16],"87,4",0,0,0,3,0
438,438,3,1,0.2841122674189453,[-1  0  1  2],[ 1 18 19 16],"87,6",0,0,0,3,0
439,439,3,1,0.2745839542274373,[-1  0  1  2],[ 1 18 19 16],"87,8",0,0,0,3,0
440,440,3,1,0.2850449096418269,[-1  0  1  2],[ 1 18 19 16],88,0,0,0,3,0
441,441,3,1,0.5867941933239254,[-1  0  1  2],[ 1 18 19 16],"88,2",0,0,0,3,0
442,442,3,1,0.37896301534578564,[-1  0  1  2],[ 1 18 19 16],"88,4",0,0,0,3,0
443,443,3,1,0.48434777097629556,[-1  0  1  2],[ 1 18 19 16],"88,6",0,0,0,3,0
444,444,3,1,0.5380186956349787,[-1  0  1  2],[ 1 18 19 16],"88,8",0,0,0,3,0
445,445,3,1,0.5499142692760897,[-1  0  1  2],[ 1 18 19 16],89,0,0,0,3,0
446,446,3,1,0.539511708753579,[-1  0  1  2],[ 1 18 19 16],"89,2",0,0,0,3,0
447,447,3,1,0.31474887297836873,[-1  0  1  2],[ 1 18 19 16],"89,4",0,0,0,3,0
448,448,3,1,0.3293285206466717,[-1  0  1  2],[ 1 18 19 16],"89,6",0,0,0,3,0
449,449,3,1,0.3439874712277248,[-1  0  1  2],[ 1 18 19 16],"89,8",0,0,0,3,0
450,450,3,1,0.4939754246042783,[-1  0  1  2],[ 1 18 19 16],90,0,0,0,3,0
451,451,3,1,0.558292163195773,[-1  0  1  2],[ 1 18 19 16],"90,2",0,0,0,3,0
452,452,3,1,0.5833553856900452,[-1  0  1  2],[ 1 18 19 16],"90,4",0,0,0,3,0
453,453,3,1,0.4819411874504938,[-1  0  1  2],[ 1 18 19 16],"90,6",0,0,0,3,0
454,454,3,1,0.5317726622276514,[-1  0  1  2],[ 1 18 19 16],"90,8",0,0,0,3,0
455,455,3,1,0.23826337140887024,[-1  0  1  2],[ 1 18 19 16],91,0,0,0,3,0
456,456,3,1,0.21144935548570076,[-1  0  1  2],[ 1 18 19 16],"91,2",0,0,0,3,0
457,457,3,1,0.27561687207625485,[-1  0  1  2],[ 1 18 19 16],"91,4",0,0,0,3,0
458,458,3,1,0.21159156163835602,[-1  0  1  2],[ 1 18 19 16],"91,6",0,0,0,3,0
459,459,3,1,0.16064620374714125,[-1  0  1  2],[ 1 18 19 16],"91,8",0,0,0,3,0
460,460,3,1,0.16531055660047894,[-1  0  1  2],[ 1 18 19 16],92,0,0,0,3,0
461,461,3,1,0.12072465375056393,[-1  0  1  2],[ 1 18 19 16],"92,2",0,0,0,3,0
462,462,3,0,0.2267038227627071,[0 1 2],[18 19 17],"92,4",0,0,0,2,0
463,463,3,0,0.4067672829889286,[0 1 2],[18 19 17],"92,6",0,0,0,2,0
464,464,3,0,0.3580779061797545,[0 1 2],[18 19 17],"92,8",0,0,0,2,0
465,465,3,0,0.44409272183961523,[0 1 2],[18 19 17],93,0,0,0,2,0
466,466,3,0,0.40108568785165266,[0 1 2],[18 19 17],"93,2",0,0,0,2,0
467,467,3,0,0.39594607116239267,[0 1 2],[18 19 17],"93,4",0,0,0,2,0
468,468,3,0,0.40148550828312285,[0 1 2],[18 19 17],"93,6",0,0,0,2,0
469,469,3,0,0.356949909850485,[0 1 2],[18 19 17],"93,8",0,0,0,2,0
470,470,3,0,0.3946374424172835,[0 1 2],[18 19 17],94,0,0,0,2,0
471,471,3,0,0.4125798991821957,[0 1 2],[18 19 17],"94,2",0,0,0,2,0
472,472,3,0,0.3928912428163795,[0 1 2],[18 19 17],"94,4",0,0,0,2,0
473,473,3,0,0.3164519447724504,[0 1 2],[18 19 17],"94,6",0,0,0,2,0
474,474,3,0,0.36787538706626366,[0 1 2],[18 19 17],"94,8",0,0,0,2,0
475,475,3,0,0.5392688636247968,[0 1 2],[18 19 17],95,0,0,0,2,0
476,476,3,0,0.4097792985720328,[0 1 2],[18 19 17],"95,2",0,0,0,2,0
477,477,3,0,0.45492044694519634,[0 1 2],[18 19 17],"95,4",0,0,0,2,0
478,478,3,0,0.42894594551889176,[0 1 2],[18 19 17],"95,6",0,0,0,2,0
479,479,3,0,0.5831768545429603,[0 1 2],[18 19 17],"95,8",0,0,0,2,0
480,480,2,0,0.4280165713053716,[0 1],[37 17],96,0,0,0,1,0
481,481,2,0,0.4568279949159209,[0 1],[37 17],"96,2",0,0,0,1,0
482,482,2,0,0.4317332933877509,[0 1],[37 17],"96,4",0,0,0,1,0
483,483,3,0,0.5312093673341846,[0 1 2],[18 19 17],"96,6",0,0,0,2,0
484,484,3,0,0.5880927780321388,[0 1 2],[18 19 17],"96,8",0,0,0,2,0
485,485,2,1,0.19217270626026745,[-1  0  1],[ 1 36 17],97,0,0,0,1,1
486,486,2,0,0.3868373524859323,[0 1],[37 17],"97,2",0,0,0,1,0
487,487,2,0,0.4571724213516087,[0 1],[37 17],"97,4",0,0,0,1,0
488,488,2,0,0.41250414178684747,[0 1],[37 17],"97,6",0,0,0,1,0
489,489,3,0,0.5292492080572115,[0 1 2],[18 19 17],"97,8",0,0,0,2,0
490,490,3,0,0.5224935586268243,[0 1 2],[18 19 17],98,0,0,0,2,0
491,491,3,0,0.4779656714109495,[0 1 2],[18 19 17],"98,2",0,0,0,2,0
492,492,3,0,0.5278989544205259,[0 1 2],[18 19 17],"98,4",0,0,0,2,0
493,493,3,0,0.5102563644870562,[0 1 2],[18 19 17],"98,6",0,0,0,2,0
494,494,2,0,0.39866312262540915,[0 1],[37 17],"98,8",0,0,0,1,0
495,495,3,0,0.56089689008716,[0 1 2],[18 19 17],99,0,0,0,2,0
496,496,3,1,0.41569110398713044,[-1  0  1  2],[ 1 18 19 16],"99,2",0,0,0,3,0
497,497,3,1,0.4974515136592181,[-1  0  1  2],[ 1 18 19 16],"99,4",0,0,0,3,0
498,498,3,1,0.4944042515149629,[-1  0  1  2],[ 1 18 19 16],"99,6",0,0,0,3,0
499,499,3,0,0.6268937140993891,[0 1 2],[18 19 17],"99,8",0,0,0,2,0
